reader,doc,seconds,recall,changed,false,found
rapidocr,latex/pdf/single/p06.pdf,1.752838134765625,1.0,0.013888888888888888,False,1.0
rapidocr,latex/pdf/table/p08.pdf,1.6454517841339111,1.0,0.0,False,1.0
rapidocr,career_center/pdf/table/p05.pdf,1.1572401523590088,1.0,0.0,False,1.0
rapidocr,hybrid/pdf/single/p05.pdf,1.078488826751709,1.0,0.0,False,1.0
rapidocr,modern/pdf/single/p06.pdf,0.9461524486541748,1.0,0.012658227848101266,False,1.0
rapidocr,latex/pdf/two_column/p09.pdf,0.7737324237823486,1.0,0.0,False,1.0
rapidocr,f27/pdf/single/p04.pdf,1.0903842449188232,0.9922480620155039,0.009900990099009901,False,1.0
rapidocr,f50/pdf/table/p04.pdf,0.9655659198760986,1.0,0.0,False,1.0
rapidocr,f20/pdf/table/p10.pdf,1.130526065826416,1.0,0.025,False,1.0
rapidocr,f30/pdf/two_column/p02.pdf,1.283022165298462,1.0,0.0,False,1.0
rapidocr,f23/pdf/two_column/p07.pdf,1.0221924781799316,0.9932885906040269,0.007751937984496124,False,0.875
rapidocr,f37/pdf/single/p02.pdf,1.1198170185089111,1.0,0.009009009009009009,False,1.0
rapidocr,d05/pdf/single/p02.pdf,1.3631079196929932,0.9895833333333334,0.013333333333333334,False,1.0
rapidocr,d09/pdf/two_column/p12.pdf,1.6632232666015625,0.9921875,0.02,False,
rapidocr,d03/pdf/two_column/p12.pdf,3.482017755508423,0.9365079365079365,0.0,False,0.4
rapidocr,d06/pdf/single/p02.pdf,4.31987190246582,0.9296875,0.010416666666666666,False,1.0
rapidocr,d02/pdf/two_column/p08.pdf,4.46250057220459,1.0,0.0,False,
rapidocr,d12/pdf/single/p08.pdf,4.484288215637207,0.946969696969697,0.0,False,1.0
rapidocr,r09/pdf/single/p01.pdf,4.66538667678833,1.0,0.007633587786259542,False,1.0
rapidocr,r18/pdf/two_column/p01.pdf,4.1243672370910645,0.9921875,0.019417475728155338,False,1.0
rapidocr,r20/pdf/single/p05.pdf,4.235321998596191,1.0,0.023809523809523808,False,1.0
rapidocr,r05/pdf/single/p12.pdf,5.843329429626465,1.0,0.008264462809917356,False,1.0
rapidocr,r10/pdf/single/p15.pdf,4.545966148376465,1.0,0.008771929824561403,False,0.875
rapidocr,r04/pdf/single/p03.pdf,3.6426217555999756,0.9887640449438202,0.031746031746031744,False,1.0
florence,latex/pdf/single/p06.pdf,22.65064787864685,0.8351648351648352,0.08955223880597014,False,1.0
florence,latex/pdf/table/p08.pdf,7.693102121353149,0.9196428571428571,0.04878048780487805,False,0.0
florence,career_center/pdf/table/p05.pdf,9.10222053527832,0.9444444444444444,0.0641025641025641,True,0.0
florence,hybrid/pdf/single/p05.pdf,7.2151031494140625,0.9347826086956522,0.06976744186046512,True,0.0
florence,modern/pdf/single/p06.pdf,7.9075706005096436,0.9117647058823529,0.04938271604938271,False,0.0
florence,latex/pdf/two_column/p09.pdf,7.818785667419434,0.90625,0.07792207792207792,False,0.0
florence,f27/pdf/single/p04.pdf,9.162361145019531,0.9302325581395349,0.08411214953271028,False,1.0
florence,f50/pdf/table/p04.pdf,8.02827501296997,0.7924528301886793,0.11688311688311688,False,0.0
florence,f20/pdf/table/p10.pdf,7.544646501541138,0.8990825688073395,0.06666666666666667,False,0.0
florence,f30/pdf/two_column/p02.pdf,9.237213134765625,0.9016393442622951,0.05154639175257732,False,0.0
florence,f23/pdf/two_column/p07.pdf,12.007167100906372,0.8120805369127517,0.15,False,1.0
florence,f37/pdf/single/p02.pdf,8.599013090133667,0.8409090909090909,0.09090909090909091,False,1.0
florence,d05/pdf/single/p02.pdf,8.258608102798462,0.84375,0.14473684210526316,False,1.0
florence,d09/pdf/two_column/p12.pdf,9.46709394454956,0.890625,0.09375,True,
florence,d03/pdf/two_column/p12.pdf,10.159147262573242,0.8492063492063492,0.11578947368421053,True,0.0
florence,d06/pdf/single/p02.pdf,9.67245602607727,0.8203125,0.10989010989010989,False,1.0
florence,d02/pdf/two_column/p08.pdf,9.660234689712524,0.9256198347107438,0.06422018348623854,True,
florence,d12/pdf/single/p08.pdf,9.066242933273315,0.9166666666666666,0.036036036036036036,False,1.0
florence,r09/pdf/single/p01.pdf,11.80272102355957,0.8011695906432749,0.10687022900763359,False,1.0
florence,r18/pdf/two_column/p01.pdf,8.829554796218872,0.859375,0.08490566037735849,False,0.0
florence,r20/pdf/single/p05.pdf,8.510725259780884,0.923728813559322,0.061224489795918366,False,1.0
florence,r05/pdf/single/p12.pdf,11.453773498535156,0.8866666666666667,0.07272727272727272,True,1.0
florence,r10/pdf/single/p15.pdf,10.374850988388062,0.9015151515151515,0.10084033613445378,False,1.0
florence,r04/pdf/single/p03.pdf,7.9024882316589355,0.9101123595505618,0.08108108108108109,False,0.0
smolvlm,latex/pdf/single/p06.pdf,22.89134693145752,0.8791208791208791,0.08196721311475409,True,1.0
smolvlm,latex/pdf/table/p08.pdf,21.14330220222473,0.6339285714285714,0.09259259259259259,True,0.0
smolvlm,career_center/pdf/table/p05.pdf,67.71180939674377,0.08888888888888889,0.03669724770642202,True,1.0
smolvlm,hybrid/pdf/single/p05.pdf,21.16959524154663,0.8369565217391305,0.07936507936507936,True,0.0
smolvlm,modern/pdf/single/p06.pdf,69.37473964691162,0.5588235294117647,0.009124087591240875,True,0.0
smolvlm,latex/pdf/two_column/p09.pdf,22.50297212600708,0.7916666666666666,0.08108108108108109,True,0.0
smolvlm,f27/pdf/single/p04.pdf,28.682913064956665,0.9767441860465116,0.05172413793103448,True,1.0
smolvlm,f50/pdf/table/p04.pdf,26.904718160629272,0.8773584905660378,0.24324324324324326,True,1.0
smolvlm,f20/pdf/table/p10.pdf,70.22799181938171,0.908256880733945,0.0773067331670823,True,0.8571428571428571
smolvlm,f30/pdf/two_column/p02.pdf,13.48714566230774,0.13934426229508196,0.25,True,0.0
smolvlm,f23/pdf/two_column/p07.pdf,15.365968942642212,0.2080536912751678,0.2,False,0.0
smolvlm,f37/pdf/single/p02.pdf,40.501715660095215,0.8560606060606061,0.17131474103585656,True,1.0
smolvlm,d05/pdf/single/p02.pdf,14.246258020401001,0.17708333333333334,0.6153846153846154,True,0.14285714285714285
smolvlm,d09/pdf/two_column/p12.pdf,14.438137769699097,0.1640625,0.6666666666666666,True,
smolvlm,d03/pdf/two_column/p12.pdf,15.414052248001099,0.23809523809523808,0.34210526315789475,True,0.0
smolvlm,d06/pdf/single/p02.pdf,61.25191044807434,0.8046875,0.008928571428571428,True,1.0
smolvlm,d02/pdf/two_column/p08.pdf,15.608309984207153,0.24793388429752067,0.35294117647058826,True,
smolvlm,d12/pdf/single/p08.pdf,17.352356433868408,0.11363636363636363,0.39285714285714285,True,0.0
smolvlm,r09/pdf/single/p01.pdf,23.38783621788025,0.6783625730994152,0.2358490566037736,True,1.0
smolvlm,r18/pdf/two_column/p01.pdf,63.837345600128174,0.8515625,0.0213903743315508,True,0.0
smolvlm,r20/pdf/single/p05.pdf,15.98063850402832,0.3050847457627119,0.23809523809523808,True,0.0
smolvlm,r05/pdf/single/p12.pdf,25.113231658935547,0.86,0.09183673469387756,True,0.0
smolvlm,r10/pdf/single/p15.pdf,63.697781801223755,0.7803030303030303,0.0175,True,1.0
smolvlm,r04/pdf/single/p03.pdf,20.348851680755615,0.8539325842696629,0.09210526315789473,True,1.0
