parser,format,layout,f1,f1_lo,f1_hi
ensemble,docx,single,0.8472365259182971,0.8405486060657757,0.854082998661312
ensemble,docx,table,0.8472365259182971,0.8405486060657757,0.854082998661312
ensemble,docx,textbox,0.8468406593406593,0.8402938028553791,0.8537014176276471
ensemble,docx,two_column,0.8286290322580646,0.8218048650465298,0.8357917864225248
ensemble,pdf,single,0.8679638637943016,0.8649977542093701,0.8709122203098107
ensemble,pdf,table,0.796419098143236,0.7868520148868207,0.8060679555761214
ensemble,pdf,textbox,0.7846627867168778,0.7672669920192174,0.8009659338731884
ensemble,pdf,two_column,0.7731888964116451,0.7544376081462034,0.7901234567901234
layout_aware,docx,single,0.8430525557955363,0.8397170799334982,0.8460151782609495
layout_aware,docx,table,0.8430525557955363,0.8397170799334982,0.8460151782609495
layout_aware,docx,textbox,0.8430525557955363,0.8397170799334982,0.8460151782609495
layout_aware,docx,two_column,0.8240675580577059,0.8203827029922777,0.8272223336849415
layout_aware,pdf,single,0.788353863381859,0.784430070291228,0.79190607711938
layout_aware,pdf,table,0.7382075471698113,0.7299030316590223,0.7458187737246292
layout_aware,pdf,textbox,0.7626927416321925,0.7481218249288996,0.7762188689039622
layout_aware,pdf,two_column,0.742429906542056,0.7258889712825951,0.7575323879159762
naive,docx,single,0.8430525557955363,0.8397170799334982,0.8460151782609495
naive,docx,table,0.8430525557955363,0.8397170799334982,0.8460151782609495
naive,docx,textbox,0.5274826789838337,0.5155756207674943,0.5395784543325527
naive,docx,two_column,0.8240675580577059,0.8203827029922777,0.8272223336849415
naive,pdf,single,0.788353863381859,0.784430070291228,0.79190607711938
naive,pdf,table,0.34146341463414637,0.33062330623306235,0.3516483516483517
naive,pdf,textbox,0.5516962843295637,0.5320195009593803,0.5707472650660033
naive,pdf,two_column,0.5843656557026912,0.5661856303726135,0.6013233082706767
openresume,pdf,single,0.8618301130149472,0.8543531674324952,0.8678593779872861
openresume,pdf,table,0.39132577624445547,0.38650520924276816,0.39557121288374436
openresume,pdf,textbox,0.71518544436669,0.6948634793723315,0.7317925491832377
openresume,pdf,two_column,0.7182280319535221,0.701765021679927,0.7314615724676047
pyresparser,docx,single,0.3943781942078364,0.3472278162366268,0.4441783226211432
pyresparser,docx,table,0.3972661255873558,0.3534063667347017,0.4420460161829746
pyresparser,docx,textbox,0.4095563139931741,0.369737716132514,0.4502267276450729
pyresparser,docx,two_column,0.41056218057921634,0.3701360165190293,0.4522843862638278
pyresparser,pdf,single,0.48475120385232745,0.4470077749847731,0.5248443068497092
pyresparser,pdf,table,0.46798029556650245,0.42739778342057255,0.5092777962474287
pyresparser,pdf,textbox,0.47106764466177675,0.4337440977614633,0.5092167960234509
pyresparser,pdf,two_column,0.44740124740124737,0.4094403092618162,0.48786795496138213
