parser,template,f1,f1_lo,f1_hi
ensemble,career_center,0.86,0.8531404958677685,0.8673139158576052
ensemble,classic,1.0,1.0,1.0
ensemble,hybrid,0.5720620842572062,0.5572354211663066,0.587163162874892
ensemble,latex,0.8723747980613894,0.8613849272366062,0.8818897637795275
ensemble,modern,0.959731543624161,0.9522184300341298,0.9666177997413098
layout_aware,career_center,0.86,0.8531404958677685,0.8673139158576052
layout_aware,classic,1.0,1.0,1.0
layout_aware,hybrid,0.3272727272727273,0.31688311688311693,0.3368421052631579
layout_aware,latex,0.8452579034941764,0.8290138396509409,0.8599678747940692
layout_aware,modern,0.7276507276507276,0.7128309572301426,0.7415254237288136
naive,career_center,0.86,0.8531404958677685,0.8673139158576052
naive,classic,1.0,1.0,1.0
naive,hybrid,0.3272727272727273,0.31688311688311693,0.3368421052631579
naive,latex,0.8452579034941764,0.8290138396509409,0.8599678747940692
naive,modern,0.7276507276507276,0.7128309572301426,0.7415254237288136
openresume,career_center,0.9090909090909091,0.8969258589511754,0.9217687074829931
openresume,classic,0.9917627677100493,0.9850746268656716,0.9967948717948718
openresume,hybrid,0.5898617511520737,0.5765765765765766,0.6037735849056604
openresume,latex,0.96849087893864,0.954468802698145,0.9802631578947368
openresume,modern,0.7628083491461101,0.7519372448073851,0.7735849056603773
pyresparser,career_center,0.5077519379844961,0.46773155541360584,0.5491670531849103
pyresparser,classic,0.53125,0.49079371962807544,0.5720049253947558
pyresparser,hybrid,0.40501043841336115,0.36673596304193323,0.44970651838121717
pyresparser,latex,0.51171875,0.47470321202410926,0.5512297895259318
pyresparser,modern,0.4608879492600423,0.41683788053253146,0.5070422535211268
