field,ensemble,layout_aware,naive,openresume,pyresparser
name,1.0,1.0,1.0,1.0,0.9875
email,1.0,1.0,1.0,0.8000000000000002,1.0
phone,1.0,1.0,1.0,1.0,0.0
degree_level,0.9041095890410958,0.888888888888889,0.888888888888889,0.6991869918699186,0.8489208633093526
field_of_study,0.7499999999999999,0.7499999999999999,0.7499999999999999,0.5454545454545454,0.7301587301587301
school,0.7499999999999999,0.7499999999999999,0.7499999999999999,0.6776859504132231,0.0
grad_date,0.888888888888889,0.888888888888889,0.888888888888889,0.888888888888889,
gpa,1.0,1.0,1.0,1.0,
skills,0.8512241054613936,0.6996770721205597,0.6996770721205597,0.8700673724735322,0.4779470729751404
experience,0.6,0.4444444444444445,0.4444444444444445,0.8749999999999999,0.02857142857142857
job_titles,1.0,0.888888888888889,0.888888888888889,0.8819444444444444,0.37142857142857144
