seed,template,step,condition,f1,line_acc
0,modern,0,rules,0.520631067961165,
0,modern,0,frozen,0.7587223587223587,0.8849673202614379
0,modern,0,oracle,0.759765625,1.0
0,modern,1,rules,0.520631067961165,
0,modern,1,frozen,0.7587223587223587,0.8849673202614379
0,modern,1,oracle,0.759765625,1.0
0,modern,2,rules,0.520631067961165,
0,modern,2,frozen,0.7587223587223587,0.8849673202614379
0,modern,2,oracle,0.759765625,1.0
0,modern,3,rules,0.520631067961165,
0,modern,3,frozen,0.7587223587223587,0.8849673202614379
0,modern,3,oracle,0.759765625,1.0
0,modern,4,rules,0.520631067961165,
0,modern,4,frozen,0.7587223587223587,0.8849673202614379
0,modern,4,oracle,0.759765625,1.0
0,modern,5,rules,0.520631067961165,
0,modern,5,frozen,0.7587223587223587,0.8849673202614379
0,modern,5,oracle,0.759765625,1.0
0,modern,6,rules,0.520631067961165,
0,modern,6,frozen,0.7587223587223587,0.8849673202614379
0,modern,6,oracle,0.759765625,1.0
0,modern,7,rules,0.520631067961165,
0,modern,7,frozen,0.7587223587223587,0.8849673202614379
0,modern,7,oracle,0.759765625,1.0
0,modern,8,rules,0.520631067961165,
0,modern,8,frozen,0.7587223587223587,0.8849673202614379
0,modern,8,oracle,0.759765625,1.0
0,modern,0,corrected,0.7587223587223587,0.8849673202614379
0,modern,1,corrected,0.7619980411361411,0.9771241830065359
0,modern,2,corrected,0.7624633431085044,0.9908496732026144
0,modern,3,corrected,0.7626953125,0.9908496732026144
0,modern,4,corrected,0.7626953125,0.9921568627450981
0,modern,5,corrected,0.7626953125,0.9901960784313726
0,modern,6,corrected,0.7626953125,0.9921568627450981
0,modern,7,corrected,0.7626953125,0.9921568627450981
0,modern,8,corrected,0.7555988315481985,0.9908496732026144
0,modern,8,corrected:classic_after,0.991750687442713,
0,modern,0,self,0.7587223587223587,0.8849673202614379
0,modern,1,self,0.7610186092066602,0.8594771241830066
0,modern,2,self,0.7626040137053353,0.8581699346405228
0,modern,3,self,0.7622309197651663,0.85359477124183
0,modern,4,self,0.7624633431085044,0.8594771241830066
0,modern,5,self,0.7624633431085044,0.8601307189542484
0,modern,6,self,0.7624633431085044,0.8601307189542484
0,modern,7,self,0.7620908646800195,0.8647058823529412
0,modern,8,self,0.7620908646800195,0.8647058823529412
0,modern,8,self:classic_after,0.9912883998165979,
0,latex,0,rules,0.7289896128423039,
0,latex,0,frozen,0.7226970560303895,0.962401055408971
0,latex,0,oracle,0.7271010387157696,1.0
0,latex,1,rules,0.7289896128423039,
0,latex,1,frozen,0.7226970560303895,0.962401055408971
0,latex,1,oracle,0.7271010387157696,1.0
0,latex,2,rules,0.7289896128423039,
0,latex,2,frozen,0.7226970560303895,0.962401055408971
0,latex,2,oracle,0.7271010387157696,1.0
0,latex,3,rules,0.7289896128423039,
0,latex,3,frozen,0.7226970560303895,0.962401055408971
0,latex,3,oracle,0.7271010387157696,1.0
0,latex,4,rules,0.7289896128423039,
0,latex,4,frozen,0.7226970560303895,0.962401055408971
0,latex,4,oracle,0.7271010387157696,1.0
0,latex,5,rules,0.7289896128423039,
0,latex,5,frozen,0.7226970560303895,0.962401055408971
0,latex,5,oracle,0.7271010387157696,1.0
0,latex,6,rules,0.7289896128423039,
0,latex,6,frozen,0.7226970560303895,0.962401055408971
0,latex,6,oracle,0.7271010387157696,1.0
0,latex,7,rules,0.7289896128423039,
0,latex,7,frozen,0.7226970560303895,0.962401055408971
0,latex,7,oracle,0.7271010387157696,1.0
0,latex,8,rules,0.7289896128423039,
0,latex,8,frozen,0.7226970560303895,0.962401055408971
0,latex,8,oracle,0.7271010387157696,1.0
0,latex,0,corrected,0.7226970560303895,0.962401055408971
0,latex,1,corrected,0.7304594978683088,0.9868073878627969
0,latex,2,corrected,0.7280453257790368,0.987467018469657
0,latex,3,corrected,0.7280453257790368,0.987467018469657
0,latex,4,corrected,0.7280453257790368,0.987467018469657
0,latex,5,corrected,0.7280453257790368,0.987467018469657
0,latex,6,corrected,0.717557251908397,0.9716358839050132
0,latex,7,corrected,0.7260663507109005,0.9841688654353562
0,latex,8,corrected,0.7280453257790368,0.9901055408970977
0,latex,8,corrected:classic_after,0.9908256880733946,
0,latex,0,self,0.7226970560303895,0.962401055408971
0,latex,1,self,0.7280453257790368,0.9716358839050132
0,latex,2,self,0.7280453257790368,0.9716358839050132
0,latex,3,self,0.7280453257790368,0.9716358839050132
0,latex,4,self,0.7280453257790368,0.9716358839050132
0,latex,5,self,0.7280453257790368,0.9716358839050132
0,latex,6,self,0.7280453257790368,0.9716358839050132
0,latex,7,self,0.7280453257790368,0.9716358839050132
0,latex,8,self,0.7280453257790368,0.9716358839050132
0,latex,8,self:classic_after,0.9908256880733946,
0,career_center,0,rules,0.7783109404990403,
0,career_center,0,frozen,0.7992477668077104,0.95908111988514
0,career_center,0,oracle,0.7975689574567555,1.0
0,career_center,1,rules,0.7783109404990403,
0,career_center,1,frozen,0.7992477668077104,0.95908111988514
0,career_center,1,oracle,0.7975689574567555,1.0
0,career_center,2,rules,0.7783109404990403,
0,career_center,2,frozen,0.7992477668077104,0.95908111988514
0,career_center,2,oracle,0.7975689574567555,1.0
0,career_center,3,rules,0.7783109404990403,
0,career_center,3,frozen,0.7992477668077104,0.95908111988514
0,career_center,3,oracle,0.7975689574567555,1.0
0,career_center,4,rules,0.7783109404990403,
0,career_center,4,frozen,0.7992477668077104,0.95908111988514
0,career_center,4,oracle,0.7975689574567555,1.0
0,career_center,5,rules,0.7783109404990403,
0,career_center,5,frozen,0.7992477668077104,0.95908111988514
0,career_center,5,oracle,0.7975689574567555,1.0
0,career_center,6,rules,0.7783109404990403,
0,career_center,6,frozen,0.7992477668077104,0.95908111988514
0,career_center,6,oracle,0.7975689574567555,1.0
0,career_center,7,rules,0.7783109404990403,
0,career_center,7,frozen,0.7992477668077104,0.95908111988514
0,career_center,7,oracle,0.7975689574567555,1.0
0,career_center,8,rules,0.7783109404990403,
0,career_center,8,frozen,0.7992477668077104,0.95908111988514
0,career_center,8,oracle,0.7975689574567555,1.0
0,career_center,0,corrected,0.7992477668077104,0.95908111988514
0,career_center,1,corrected,0.8078725398313027,0.9691313711414213
0,career_center,2,corrected,0.8054129724685021,0.9899497487437185
0,career_center,3,corrected,0.8054129724685021,0.9755922469490309
0,career_center,4,corrected,0.8084309133489461,0.9820531227566404
0,career_center,5,corrected,0.8054129724685021,0.9877961234745154
0,career_center,6,corrected,0.8054129724685021,0.9877961234745154
0,career_center,7,corrected,0.8054129724685021,0.9877961234745154
0,career_center,8,corrected,0.8054129724685021,0.9921033740129217
0,career_center,8,corrected:classic_after,0.9912844036697247,
0,career_center,0,self,0.7992477668077104,0.95908111988514
0,career_center,1,self,0.7933806146572103,0.9540559942569993
0,career_center,2,self,0.795668549905838,0.9576453697056713
0,career_center,3,self,0.7960526315789473,0.95908111988514
0,career_center,4,self,0.7701260911736179,0.9475951184493898
0,career_center,5,self,0.7847619047619048,0.955491744436468
0,career_center,6,self,0.793965110796794,0.9576453697056713
0,career_center,7,self,0.793965110796794,0.9576453697056713
0,career_center,8,self,0.793965110796794,0.9576453697056713
0,career_center,8,self:classic_after,0.9908256880733946,
0,hybrid,0,rules,0.6019417475728155,
0,hybrid,0,frozen,0.5403329065300896,0.648876404494382
0,hybrid,0,oracle,0.6986301369863014,1.0
0,hybrid,1,rules,0.6019417475728155,
0,hybrid,1,frozen,0.5403329065300896,0.648876404494382
0,hybrid,1,oracle,0.6986301369863014,1.0
0,hybrid,2,rules,0.6019417475728155,
0,hybrid,2,frozen,0.5403329065300896,0.648876404494382
0,hybrid,2,oracle,0.6986301369863014,1.0
0,hybrid,3,rules,0.6019417475728155,
0,hybrid,3,frozen,0.5403329065300896,0.648876404494382
0,hybrid,3,oracle,0.6986301369863014,1.0
0,hybrid,4,rules,0.6019417475728155,
0,hybrid,4,frozen,0.5403329065300896,0.648876404494382
0,hybrid,4,oracle,0.6986301369863014,1.0
0,hybrid,5,rules,0.6019417475728155,
0,hybrid,5,frozen,0.5403329065300896,0.648876404494382
0,hybrid,5,oracle,0.6986301369863014,1.0
0,hybrid,6,rules,0.6019417475728155,
0,hybrid,6,frozen,0.5403329065300896,0.648876404494382
0,hybrid,6,oracle,0.6986301369863014,1.0
0,hybrid,7,rules,0.6019417475728155,
0,hybrid,7,frozen,0.5403329065300896,0.648876404494382
0,hybrid,7,oracle,0.6986301369863014,1.0
0,hybrid,8,rules,0.6019417475728155,
0,hybrid,8,frozen,0.5403329065300896,0.648876404494382
0,hybrid,8,oracle,0.6986301369863014,1.0
0,hybrid,0,corrected,0.5403329065300896,0.648876404494382
0,hybrid,1,corrected,0.6939461883408072,0.9623595505617978
0,hybrid,2,corrected,0.6981776765375854,0.9865168539325843
0,hybrid,3,corrected,0.6986301369863014,0.9870786516853932
0,hybrid,4,corrected,0.6986301369863014,0.9960674157303371
0,hybrid,5,corrected,0.6986301369863014,0.9943820224719101
0,hybrid,6,corrected,0.6986301369863014,0.9938202247191011
0,hybrid,7,corrected,0.6967963386727688,0.9926966292134831
0,hybrid,8,corrected,0.6986301369863014,0.994943820224719
0,hybrid,8,corrected:classic_after,0.9903669724770642,
0,hybrid,0,self,0.5403329065300896,0.648876404494382
0,hybrid,1,self,0.6636871508379888,0.7955056179775281
0,hybrid,2,self,0.6755260243632337,0.8134831460674158
0,hybrid,3,self,0.6849917537108302,0.8353932584269663
0,hybrid,4,self,0.6740576496674058,0.7769662921348315
0,hybrid,5,self,0.7034632034632033,0.8455056179775281
0,hybrid,6,self,0.7012987012987013,0.847752808988764
0,hybrid,7,self,0.7056277056277056,0.8432584269662922
0,hybrid,8,self,0.7056277056277056,0.8421348314606741
0,hybrid,8,self:classic_after,0.9903669724770642,
1,modern,0,rules,0.49413145539906117,
1,modern,0,frozen,0.7512832477834811,0.8742058449809402
1,modern,0,oracle,0.7582366589327146,1.0
1,modern,1,rules,0.49413145539906117,
1,modern,1,frozen,0.7512832477834811,0.8742058449809402
1,modern,1,oracle,0.7582366589327146,1.0
1,modern,2,rules,0.49413145539906117,
1,modern,2,frozen,0.7512832477834811,0.8742058449809402
1,modern,2,oracle,0.7582366589327146,1.0
1,modern,3,rules,0.49413145539906117,
1,modern,3,frozen,0.7512832477834811,0.8742058449809402
1,modern,3,oracle,0.7582366589327146,1.0
1,modern,4,rules,0.49413145539906117,
1,modern,4,frozen,0.7512832477834811,0.8742058449809402
1,modern,4,oracle,0.7582366589327146,1.0
1,modern,5,rules,0.49413145539906117,
1,modern,5,frozen,0.7512832477834811,0.8742058449809402
1,modern,5,oracle,0.7582366589327146,1.0
1,modern,6,rules,0.49413145539906117,
1,modern,6,frozen,0.7512832477834811,0.8742058449809402
1,modern,6,oracle,0.7582366589327146,1.0
1,modern,7,rules,0.49413145539906117,
1,modern,7,frozen,0.7512832477834811,0.8742058449809402
1,modern,7,oracle,0.7582366589327146,1.0
1,modern,8,rules,0.49413145539906117,
1,modern,8,frozen,0.7512832477834811,0.8742058449809402
1,modern,8,oracle,0.7582366589327146,1.0
1,modern,0,corrected,0.7512832477834811,0.8742058449809402
1,modern,1,corrected,0.7618604651162791,0.9701397712833545
1,modern,2,corrected,0.7618604651162791,0.9650571791613723
1,modern,3,corrected,0.7618604651162791,0.98856416772554
1,modern,4,corrected,0.7620817843866171,0.9898348157560356
1,modern,5,corrected,0.7630111524163569,0.9891994917407878
1,modern,6,corrected,0.7566063977746871,0.9930114358322745
1,modern,7,corrected,0.7566063977746871,0.9936467598475223
1,modern,8,corrected,0.7566063977746871,0.9936467598475223
1,modern,8,corrected:classic_after,0.9908256880733946,
1,modern,0,self,0.7512832477834811,0.8742058449809402
1,modern,1,self,0.7586206896551725,0.8653113087674714
1,modern,2,self,0.7618604651162791,0.8672172808132147
1,modern,3,self,0.7618604651162791,0.8653113087674714
1,modern,4,self,0.7615062761506276,0.8653113087674714
1,modern,5,self,0.7620817843866171,0.8672172808132147
1,modern,6,self,0.7620817843866171,0.8621346886912326
1,modern,7,self,0.7620817843866171,0.8646759847522236
1,modern,8,self,0.7620817843866171,0.8653113087674714
1,modern,8,self:classic_after,0.9908256880733946,
1,latex,0,rules,0.7268453220498354,
1,latex,0,frozen,0.7239263803680982,0.9615902964959568
1,latex,0,oracle,0.7249647390691113,1.0
1,latex,1,rules,0.7268453220498354,
1,latex,1,frozen,0.7239263803680982,0.9615902964959568
1,latex,1,oracle,0.7249647390691113,1.0
1,latex,2,rules,0.7268453220498354,
1,latex,2,frozen,0.7239263803680982,0.9615902964959568
1,latex,2,oracle,0.7249647390691113,1.0
1,latex,3,rules,0.7268453220498354,
1,latex,3,frozen,0.7239263803680982,0.9615902964959568
1,latex,3,oracle,0.7249647390691113,1.0
1,latex,4,rules,0.7268453220498354,
1,latex,4,frozen,0.7239263803680982,0.9615902964959568
1,latex,4,oracle,0.7249647390691113,1.0
1,latex,5,rules,0.7268453220498354,
1,latex,5,frozen,0.7239263803680982,0.9615902964959568
1,latex,5,oracle,0.7249647390691113,1.0
1,latex,6,rules,0.7268453220498354,
1,latex,6,frozen,0.7239263803680982,0.9615902964959568
1,latex,6,oracle,0.7249647390691113,1.0
1,latex,7,rules,0.7268453220498354,
1,latex,7,frozen,0.7239263803680982,0.9615902964959568
1,latex,7,oracle,0.7249647390691113,1.0
1,latex,8,rules,0.7268453220498354,
1,latex,8,frozen,0.7239263803680982,0.9615902964959568
1,latex,8,oracle,0.7249647390691113,1.0
1,latex,0,corrected,0.7239263803680982,0.9615902964959568
1,latex,1,corrected,0.7271872060206961,0.9925876010781671
1,latex,2,corrected,0.7268453220498354,0.9750673854447439
1,latex,3,corrected,0.7268453220498354,0.9912398921832885
1,latex,4,corrected,0.7268453220498354,0.9811320754716981
1,latex,5,corrected,0.7268453220498354,0.9750673854447439
1,latex,6,corrected,0.7268453220498354,0.9750673854447439
1,latex,7,corrected,0.7268453220498354,0.9912398921832885
1,latex,8,corrected,0.7268453220498354,0.9912398921832885
1,latex,8,corrected:classic_after,0.9908256880733946,
1,latex,0,self,0.7239263803680982,0.9615902964959568
1,latex,1,self,0.7268453220498354,0.9696765498652291
1,latex,2,self,0.7268453220498354,0.9696765498652291
1,latex,3,self,0.7268453220498354,0.9696765498652291
1,latex,4,self,0.7268453220498354,0.9696765498652291
1,latex,5,self,0.7268453220498354,0.9696765498652291
1,latex,6,self,0.7268453220498354,0.9696765498652291
1,latex,7,self,0.7268453220498354,0.9696765498652291
1,latex,8,self,0.7268453220498354,0.9696765498652291
1,latex,8,self:classic_after,0.9908256880733946,
1,career_center,0,rules,0.7803468208092486,
1,career_center,0,frozen,0.8026440037771482,0.9562146892655368
1,career_center,0,oracle,0.8046948356807512,1.0
1,career_center,1,rules,0.7803468208092486,
1,career_center,1,frozen,0.8026440037771482,0.9562146892655368
1,career_center,1,oracle,0.8046948356807512,1.0
1,career_center,2,rules,0.7803468208092486,
1,career_center,2,frozen,0.8026440037771482,0.9562146892655368
1,career_center,2,oracle,0.8046948356807512,1.0
1,career_center,3,rules,0.7803468208092486,
1,career_center,3,frozen,0.8026440037771482,0.9562146892655368
1,career_center,3,oracle,0.8046948356807512,1.0
1,career_center,4,rules,0.7803468208092486,
1,career_center,4,frozen,0.8026440037771482,0.9562146892655368
1,career_center,4,oracle,0.8046948356807512,1.0
1,career_center,5,rules,0.7803468208092486,
1,career_center,5,frozen,0.8026440037771482,0.9562146892655368
1,career_center,5,oracle,0.8046948356807512,1.0
1,career_center,6,rules,0.7803468208092486,
1,career_center,6,frozen,0.8026440037771482,0.9562146892655368
1,career_center,6,oracle,0.8046948356807512,1.0
1,career_center,7,rules,0.7803468208092486,
1,career_center,7,frozen,0.8026440037771482,0.9562146892655368
1,career_center,7,oracle,0.8046948356807512,1.0
1,career_center,8,rules,0.7803468208092486,
1,career_center,8,frozen,0.8026440037771482,0.9562146892655368
1,career_center,8,oracle,0.8046948356807512,1.0
1,career_center,0,corrected,0.8026440037771482,0.9562146892655368
1,career_center,1,corrected,0.8094117647058823,0.9738700564971752
1,career_center,2,corrected,0.8052557484748943,0.9781073446327684
1,career_center,3,corrected,0.8052557484748943,0.9781073446327684
1,career_center,4,corrected,0.806375996249414,0.989406779661017
1,career_center,5,corrected,0.8052557484748943,0.9788135593220338
1,career_center,6,corrected,0.806375996249414,0.9788135593220338
1,career_center,7,corrected,0.806375996249414,0.9781073446327684
1,career_center,8,corrected,0.806375996249414,0.9788135593220338
1,career_center,8,corrected:classic_after,0.9908256880733946,
1,career_center,0,self,0.8026440037771482,0.9562146892655368
1,career_center,1,self,0.8052557484748943,0.9625706214689266
1,career_center,2,self,0.806375996249414,0.9639830508474576
1,career_center,3,self,0.806375996249414,0.9639830508474576
1,career_center,4,self,0.806375996249414,0.9653954802259888
1,career_center,5,self,0.806375996249414,0.9646892655367232
1,career_center,6,self,0.806375996249414,0.9646892655367232
1,career_center,7,self,0.806375996249414,0.9646892655367232
1,career_center,8,self,0.806375996249414,0.9653954802259888
1,career_center,8,self:classic_after,0.9908256880733946,
1,hybrid,0,rules,0.6024096385542168,
1,hybrid,0,frozen,0.5327342747111682,0.6233258928571429
1,hybrid,0,oracle,0.6999432785025523,1.0
1,hybrid,1,rules,0.6024096385542168,
1,hybrid,1,frozen,0.5327342747111682,0.6233258928571429
1,hybrid,1,oracle,0.6999432785025523,1.0
1,hybrid,2,rules,0.6024096385542168,
1,hybrid,2,frozen,0.5327342747111682,0.6233258928571429
1,hybrid,2,oracle,0.6999432785025523,1.0
1,hybrid,3,rules,0.6024096385542168,
1,hybrid,3,frozen,0.5327342747111682,0.6233258928571429
1,hybrid,3,oracle,0.6999432785025523,1.0
1,hybrid,4,rules,0.6024096385542168,
1,hybrid,4,frozen,0.5327342747111682,0.6233258928571429
1,hybrid,4,oracle,0.6999432785025523,1.0
1,hybrid,5,rules,0.6024096385542168,
1,hybrid,5,frozen,0.5327342747111682,0.6233258928571429
1,hybrid,5,oracle,0.6999432785025523,1.0
1,hybrid,6,rules,0.6024096385542168,
1,hybrid,6,frozen,0.5327342747111682,0.6233258928571429
1,hybrid,6,oracle,0.6999432785025523,1.0
1,hybrid,7,rules,0.6024096385542168,
1,hybrid,7,frozen,0.5327342747111682,0.6233258928571429
1,hybrid,7,oracle,0.6999432785025523,1.0
1,hybrid,8,rules,0.6024096385542168,
1,hybrid,8,frozen,0.5327342747111682,0.6233258928571429
1,hybrid,8,oracle,0.6999432785025523,1.0
1,hybrid,0,corrected,0.5327342747111682,0.6233258928571429
1,hybrid,1,corrected,0.6959910913140311,0.9609375
1,hybrid,2,corrected,0.6997742663656884,0.9799107142857143
1,hybrid,3,corrected,0.7006802721088434,0.98828125
1,hybrid,4,corrected,0.7006802721088434,0.9871651785714286
1,hybrid,5,corrected,0.7006802721088434,0.9866071428571429
1,hybrid,6,corrected,0.7006802721088434,0.9877232142857143
1,hybrid,7,corrected,0.7006802721088434,0.9877232142857143
1,hybrid,8,corrected,0.7006802721088434,0.9866071428571429
1,hybrid,8,corrected:classic_after,0.9908256880733946,
1,hybrid,0,self,0.5327342747111682,0.6233258928571429
1,hybrid,1,self,0.511690046760187,0.6143973214285714
1,hybrid,2,self,0.511690046760187,0.6155133928571429
1,hybrid,3,self,0.511690046760187,0.6143973214285714
1,hybrid,4,self,0.5106951871657753,0.6138392857142857
1,hybrid,5,self,0.5106951871657753,0.6138392857142857
1,hybrid,6,self,0.5106951871657753,0.6138392857142857
1,hybrid,7,self,0.5106951871657753,0.6138392857142857
1,hybrid,8,self,0.5106951871657753,0.6138392857142857
1,hybrid,8,self:classic_after,0.9908256880733946,
2,modern,0,rules,0.520631067961165,
2,modern,0,frozen,0.7336585365853658,0.8908007941760424
2,modern,0,oracle,0.7587890624999999,1.0
2,modern,1,rules,0.520631067961165,
2,modern,1,frozen,0.7336585365853658,0.8908007941760424
2,modern,1,oracle,0.7587890624999999,1.0
2,modern,2,rules,0.520631067961165,
2,modern,2,frozen,0.7336585365853658,0.8908007941760424
2,modern,2,oracle,0.7587890624999999,1.0
2,modern,3,rules,0.520631067961165,
2,modern,3,frozen,0.7336585365853658,0.8908007941760424
2,modern,3,oracle,0.7587890624999999,1.0
2,modern,4,rules,0.520631067961165,
2,modern,4,frozen,0.7336585365853658,0.8908007941760424
2,modern,4,oracle,0.7587890624999999,1.0
2,modern,5,rules,0.520631067961165,
2,modern,5,frozen,0.7336585365853658,0.8908007941760424
2,modern,5,oracle,0.7587890624999999,1.0
2,modern,6,rules,0.520631067961165,
2,modern,6,frozen,0.7336585365853658,0.8908007941760424
2,modern,6,oracle,0.7587890624999999,1.0
2,modern,7,rules,0.520631067961165,
2,modern,7,frozen,0.7336585365853658,0.8908007941760424
2,modern,7,oracle,0.7587890624999999,1.0
2,modern,8,rules,0.520631067961165,
2,modern,8,frozen,0.7336585365853658,0.8908007941760424
2,modern,8,oracle,0.7587890624999999,1.0
2,modern,0,corrected,0.7336585365853658,0.8908007941760424
2,modern,1,corrected,0.7551622418879056,0.9801455989410987
2,modern,2,corrected,0.7624633431085044,0.9841164791528789
2,modern,3,corrected,0.7620908646800195,0.9887491727332892
2,modern,4,corrected,0.7626953125,0.9907346128391793
2,modern,5,corrected,0.7487733071638861,0.986763732627399
2,modern,6,corrected,0.7542745481191988,0.9913964262078094
2,modern,7,corrected,0.7567040468064358,0.9940436796823295
2,modern,8,corrected,0.7553606237816763,0.9920582395764395
2,modern,8,corrected:classic_after,0.991743119266055,
2,modern,0,self,0.7336585365853658,0.8908007941760424
2,modern,1,self,0.7260406582768635,0.8682991396426207
2,modern,2,self,0.7244849065644466,0.8557246856386499
2,modern,3,self,0.7251798561151079,0.8583719391131701
2,modern,4,self,0.7276227141482194,0.8643282594308405
2,modern,5,self,0.7262247838616716,0.8643282594308405
2,modern,6,self,0.7272727272727274,0.8669755129053607
2,modern,7,self,0.7261330761812922,0.8689609530112509
2,modern,8,self,0.7206595538312318,0.8616810059563204
2,modern,8,self:classic_after,0.9912844036697247,
2,latex,0,rules,0.7314069161534817,
2,latex,0,frozen,0.7270128632682228,0.9622516556291391
2,latex,0,oracle,0.7295120795831358,1.0
2,latex,1,rules,0.7314069161534817,
2,latex,1,frozen,0.7270128632682228,0.9622516556291391
2,latex,1,oracle,0.7295120795831358,1.0
2,latex,2,rules,0.7314069161534817,
2,latex,2,frozen,0.7270128632682228,0.9622516556291391
2,latex,2,oracle,0.7295120795831358,1.0
2,latex,3,rules,0.7314069161534817,
2,latex,3,frozen,0.7270128632682228,0.9622516556291391
2,latex,3,oracle,0.7295120795831358,1.0
2,latex,4,rules,0.7314069161534817,
2,latex,4,frozen,0.7270128632682228,0.9622516556291391
2,latex,4,oracle,0.7295120795831358,1.0
2,latex,5,rules,0.7314069161534817,
2,latex,5,frozen,0.7270128632682228,0.9622516556291391
2,latex,5,oracle,0.7295120795831358,1.0
2,latex,6,rules,0.7314069161534817,
2,latex,6,frozen,0.7270128632682228,0.9622516556291391
2,latex,6,oracle,0.7295120795831358,1.0
2,latex,7,rules,0.7314069161534817,
2,latex,7,frozen,0.7270128632682228,0.9622516556291391
2,latex,7,oracle,0.7295120795831358,1.0
2,latex,8,rules,0.7314069161534817,
2,latex,8,frozen,0.7270128632682228,0.9622516556291391
2,latex,8,oracle,0.7295120795831358,1.0
2,latex,0,corrected,0.7270128632682228,0.9622516556291391
2,latex,1,corrected,0.7280493592785952,0.9668874172185431
2,latex,2,corrected,0.7304594978683089,0.9927152317880795
2,latex,3,corrected,0.7304594978683089,0.9874172185430463
2,latex,4,corrected,0.7304594978683089,0.9874172185430463
2,latex,5,corrected,0.7314069161534817,0.9867549668874173
2,latex,6,corrected,0.7314069161534817,0.9814569536423841
2,latex,7,corrected,0.7199617041646721,0.9642384105960264
2,latex,8,corrected,0.7289985761746559,0.9801324503311258
2,latex,8,corrected:classic_after,0.9912844036697247,
2,latex,0,self,0.7270128632682228,0.9622516556291391
2,latex,1,self,0.7280493592785952,0.9668874172185431
2,latex,2,self,0.7304594978683089,0.971523178807947
2,latex,3,self,0.7304594978683089,0.971523178807947
2,latex,4,self,0.7304594978683089,0.971523178807947
2,latex,5,self,0.7314069161534817,0.9708609271523179
2,latex,6,self,0.7314069161534817,0.9708609271523179
2,latex,7,self,0.7314069161534817,0.9708609271523179
2,latex,8,self,0.7314069161534817,0.9708609271523179
2,latex,8,self:classic_after,0.9912844036697247,
2,career_center,0,rules,0.7700640078778926,
2,career_center,0,frozen,0.7911239749155813,0.9488999290276792
2,career_center,0,oracle,0.7940470475276045,1.0
2,career_center,1,rules,0.7700640078778926,
2,career_center,1,frozen,0.7911239749155813,0.9488999290276792
2,career_center,1,oracle,0.7940470475276045,1.0
2,career_center,2,rules,0.7700640078778926,
2,career_center,2,frozen,0.7911239749155813,0.9488999290276792
2,career_center,2,oracle,0.7940470475276045,1.0
2,career_center,3,rules,0.7700640078778926,
2,career_center,3,frozen,0.7911239749155813,0.9488999290276792
2,career_center,3,oracle,0.7940470475276045,1.0
2,career_center,4,rules,0.7700640078778926,
2,career_center,4,frozen,0.7911239749155813,0.9488999290276792
2,career_center,4,oracle,0.7940470475276045,1.0
2,career_center,5,rules,0.7700640078778926,
2,career_center,5,frozen,0.7911239749155813,0.9488999290276792
2,career_center,5,oracle,0.7940470475276045,1.0
2,career_center,6,rules,0.7700640078778926,
2,career_center,6,frozen,0.7911239749155813,0.9488999290276792
2,career_center,6,oracle,0.7940470475276045,1.0
2,career_center,7,rules,0.7700640078778926,
2,career_center,7,frozen,0.7911239749155813,0.9488999290276792
2,career_center,7,oracle,0.7940470475276045,1.0
2,career_center,8,rules,0.7700640078778926,
2,career_center,8,frozen,0.7911239749155813,0.9488999290276792
2,career_center,8,oracle,0.7940470475276045,1.0
2,career_center,0,corrected,0.7911239749155813,0.9488999290276792
2,career_center,1,corrected,0.7899807321772641,0.9481902058197303
2,career_center,2,corrected,0.7972841901066925,0.9418026969481902
2,career_center,3,corrected,0.7930868939030244,0.9531582682753726
2,career_center,4,corrected,0.7973038035628309,0.9538679914833215
2,career_center,5,corrected,0.7973038035628309,0.9723207948899929
2,career_center,6,corrected,0.7942446043165466,0.9538679914833215
2,career_center,7,corrected,0.7942446043165466,0.9538679914833215
2,career_center,8,corrected,0.7942446043165466,0.9538679914833215
2,career_center,8,corrected:classic_after,0.9894398530762167,
2,career_center,0,self,0.7911239749155813,0.9488999290276792
2,career_center,1,self,0.7948226270373921,0.9517388218594748
2,career_center,2,self,0.7948226270373921,0.9538679914833215
2,career_center,3,self,0.7948226270373921,0.9538679914833215
2,career_center,4,self,0.7948226270373921,0.9538679914833215
2,career_center,5,self,0.7948226270373921,0.9538679914833215
2,career_center,6,self,0.7948226270373921,0.9538679914833215
2,career_center,7,self,0.7948226270373921,0.9545777146912704
2,career_center,8,self,0.7948226270373921,0.9545777146912704
2,career_center,8,self:classic_after,0.9912844036697247,
2,hybrid,0,rules,0.6019417475728155,
2,hybrid,0,frozen,0.5622291021671827,0.647191011235955
2,hybrid,0,oracle,0.6990291262135923,1.0
2,hybrid,1,rules,0.6019417475728155,
2,hybrid,1,frozen,0.5622291021671827,0.647191011235955
2,hybrid,1,oracle,0.6990291262135923,1.0
2,hybrid,2,rules,0.6019417475728155,
2,hybrid,2,frozen,0.5622291021671827,0.647191011235955
2,hybrid,2,oracle,0.6990291262135923,1.0
2,hybrid,3,rules,0.6019417475728155,
2,hybrid,3,frozen,0.5622291021671827,0.647191011235955
2,hybrid,3,oracle,0.6990291262135923,1.0
2,hybrid,4,rules,0.6019417475728155,
2,hybrid,4,frozen,0.5622291021671827,0.647191011235955
2,hybrid,4,oracle,0.6990291262135923,1.0
2,hybrid,5,rules,0.6019417475728155,
2,hybrid,5,frozen,0.5622291021671827,0.647191011235955
2,hybrid,5,oracle,0.6990291262135923,1.0
2,hybrid,6,rules,0.6019417475728155,
2,hybrid,6,frozen,0.5622291021671827,0.647191011235955
2,hybrid,6,oracle,0.6990291262135923,1.0
2,hybrid,7,rules,0.6019417475728155,
2,hybrid,7,frozen,0.5622291021671827,0.647191011235955
2,hybrid,7,oracle,0.6990291262135923,1.0
2,hybrid,8,rules,0.6019417475728155,
2,hybrid,8,frozen,0.5622291021671827,0.647191011235955
2,hybrid,8,oracle,0.6990291262135923,1.0
2,hybrid,0,corrected,0.5622291021671827,0.647191011235955
2,hybrid,1,corrected,0.6950672645739912,0.9617977528089887
2,hybrid,2,corrected,0.6997716894977168,0.9865168539325843
2,hybrid,3,corrected,0.6997716894977168,0.9848314606741573
2,hybrid,4,corrected,0.7040181097906055,0.9898876404494382
2,hybrid,5,corrected,0.6997716894977168,0.996629213483146
2,hybrid,6,corrected,0.6997716894977168,0.9955056179775281
2,hybrid,7,corrected,0.6997716894977168,0.9960674157303371
2,hybrid,8,corrected,0.6997716894977168,0.9943820224719101
2,hybrid,8,corrected:classic_after,0.9931255728689276,
2,hybrid,0,self,0.5622291021671827,0.647191011235955
2,hybrid,1,self,0.6363118952760386,0.7831460674157303
2,hybrid,2,self,0.6374501992031874,0.7752808988764045
2,hybrid,3,self,0.6884531590413943,0.8578651685393258
2,hybrid,4,self,0.6824696802646085,0.8134831460674158
2,hybrid,5,self,0.6943231441048034,0.8269662921348314
2,hybrid,6,self,0.6991341991341992,0.85
2,hybrid,7,self,0.7002164502164502,0.849438202247191
2,hybrid,8,self,0.698051948051948,0.849438202247191
2,hybrid,8,self:classic_after,0.9912844036697247,
3,modern,0,rules,0.5083333333333334,
3,modern,0,frozen,0.7380720545277507,0.8835877862595419
3,modern,0,oracle,0.7620410109680498,1.0
3,modern,1,rules,0.5083333333333334,
3,modern,1,frozen,0.7380720545277507,0.8835877862595419
3,modern,1,oracle,0.7620410109680498,1.0
3,modern,2,rules,0.5083333333333334,
3,modern,2,frozen,0.7380720545277507,0.8835877862595419
3,modern,2,oracle,0.7620410109680498,1.0
3,modern,3,rules,0.5083333333333334,
3,modern,3,frozen,0.7380720545277507,0.8835877862595419
3,modern,3,oracle,0.7620410109680498,1.0
3,modern,4,rules,0.5083333333333334,
3,modern,4,frozen,0.7380720545277507,0.8835877862595419
3,modern,4,oracle,0.7620410109680498,1.0
3,modern,5,rules,0.5083333333333334,
3,modern,5,frozen,0.7380720545277507,0.8835877862595419
3,modern,5,oracle,0.7620410109680498,1.0
3,modern,6,rules,0.5083333333333334,
3,modern,6,frozen,0.7380720545277507,0.8835877862595419
3,modern,6,oracle,0.7620410109680498,1.0
3,modern,7,rules,0.5083333333333334,
3,modern,7,frozen,0.7380720545277507,0.8835877862595419
3,modern,7,oracle,0.7620410109680498,1.0
3,modern,8,rules,0.5083333333333334,
3,modern,8,frozen,0.7380720545277507,0.8835877862595419
3,modern,8,oracle,0.7620410109680498,1.0
3,modern,0,corrected,0.7380720545277507,0.8835877862595419
3,modern,1,corrected,0.7625418060200668,0.9847328244274809
3,modern,2,corrected,0.765267175572519,0.9891857506361323
3,modern,3,corrected,0.7662213740458014,0.9936386768447837
3,modern,4,corrected,0.7631327602674309,0.9923664122137404
3,modern,5,corrected,0.7662213740458014,0.9936386768447837
3,modern,6,corrected,0.7662213740458014,0.9936386768447837
3,modern,7,corrected,0.7631327602674309,0.9923664122137404
3,modern,8,corrected,0.7631327602674309,0.9923664122137404
3,modern,8,corrected:classic_after,0.9908256880733946,
3,modern,0,self,0.7380720545277507,0.8835877862595419
3,modern,1,self,0.7615862398471094,0.9096692111959288
3,modern,2,self,0.7601723312589755,0.9064885496183206
3,modern,3,self,0.7631327602674309,0.9096692111959288
3,modern,4,self,0.7631327602674309,0.9096692111959288
3,modern,5,self,0.7631327602674309,0.9096692111959288
3,modern,6,self,0.7631327602674309,0.9096692111959288
3,modern,7,self,0.7631327602674309,0.9096692111959288
3,modern,8,self,0.7631327602674309,0.9096692111959288
3,modern,8,self:classic_after,0.9908256880733946,
3,latex,0,rules,0.7382999044890163,
3,latex,0,frozen,0.7362374341790329,0.9566101694915254
3,latex,0,oracle,0.7370936902485659,1.0
3,latex,1,rules,0.7382999044890163,
3,latex,1,frozen,0.7362374341790329,0.9566101694915254
3,latex,1,oracle,0.7370936902485659,1.0
3,latex,2,rules,0.7382999044890163,
3,latex,2,frozen,0.7362374341790329,0.9566101694915254
3,latex,2,oracle,0.7370936902485659,1.0
3,latex,3,rules,0.7382999044890163,
3,latex,3,frozen,0.7362374341790329,0.9566101694915254
3,latex,3,oracle,0.7370936902485659,1.0
3,latex,4,rules,0.7382999044890163,
3,latex,4,frozen,0.7362374341790329,0.9566101694915254
3,latex,4,oracle,0.7370936902485659,1.0
3,latex,5,rules,0.7382999044890163,
3,latex,5,frozen,0.7362374341790329,0.9566101694915254
3,latex,5,oracle,0.7370936902485659,1.0
3,latex,6,rules,0.7382999044890163,
3,latex,6,frozen,0.7362374341790329,0.9566101694915254
3,latex,6,oracle,0.7370936902485659,1.0
3,latex,7,rules,0.7382999044890163,
3,latex,7,frozen,0.7362374341790329,0.9566101694915254
3,latex,7,oracle,0.7370936902485659,1.0
3,latex,8,rules,0.7382999044890163,
3,latex,8,frozen,0.7362374341790329,0.9566101694915254
3,latex,8,oracle,0.7370936902485659,1.0
3,latex,0,corrected,0.7362374341790329,0.9566101694915254
3,latex,1,corrected,0.7382999044890163,0.9640677966101695
3,latex,2,corrected,0.7382999044890163,0.9749152542372881
3,latex,3,corrected,0.7382999044890163,0.9694915254237289
3,latex,4,corrected,0.7053658536585365,0.9484745762711865
3,latex,5,corrected,0.7373447946513849,0.9959322033898305
3,latex,6,corrected,0.7344794651384909,0.9938983050847457
3,latex,7,corrected,0.7344794651384909,0.9905084745762712
3,latex,8,corrected,0.7354345749761222,0.9891525423728813
3,latex,8,corrected:classic_after,0.9912844036697247,
3,latex,0,self,0.7362374341790329,0.9566101694915254
3,latex,1,self,0.7382999044890163,0.9640677966101695
3,latex,2,self,0.7382999044890163,0.9640677966101695
3,latex,3,self,0.7382999044890163,0.9640677966101695
3,latex,4,self,0.7382999044890163,0.9640677966101695
3,latex,5,self,0.7382999044890163,0.9640677966101695
3,latex,6,self,0.7382999044890163,0.9640677966101695
3,latex,7,self,0.7382999044890163,0.9640677966101695
3,latex,8,self,0.7382999044890163,0.9640677966101695
3,latex,8,self:classic_after,0.9912844036697247,
3,career_center,0,rules,0.7746126936531734,
3,career_center,0,frozen,0.7978515625000001,0.9514844315713251
3,career_center,0,oracle,0.7980535279805353,1.0
3,career_center,1,rules,0.7746126936531734,
3,career_center,1,frozen,0.7978515625000001,0.9514844315713251
3,career_center,1,oracle,0.7980535279805353,1.0
3,career_center,2,rules,0.7746126936531734,
3,career_center,2,frozen,0.7978515625000001,0.9514844315713251
3,career_center,2,oracle,0.7980535279805353,1.0
3,career_center,3,rules,0.7746126936531734,
3,career_center,3,frozen,0.7978515625000001,0.9514844315713251
3,career_center,3,oracle,0.7980535279805353,1.0
3,career_center,4,rules,0.7746126936531734,
3,career_center,4,frozen,0.7978515625000001,0.9514844315713251
3,career_center,4,oracle,0.7980535279805353,1.0
3,career_center,5,rules,0.7746126936531734,
3,career_center,5,frozen,0.7978515625000001,0.9514844315713251
3,career_center,5,oracle,0.7980535279805353,1.0
3,career_center,6,rules,0.7746126936531734,
3,career_center,6,frozen,0.7978515625000001,0.9514844315713251
3,career_center,6,oracle,0.7980535279805353,1.0
3,career_center,7,rules,0.7746126936531734,
3,career_center,7,frozen,0.7978515625000001,0.9514844315713251
3,career_center,7,oracle,0.7980535279805353,1.0
3,career_center,8,rules,0.7746126936531734,
3,career_center,8,frozen,0.7978515625000001,0.9514844315713251
3,career_center,8,oracle,0.7980535279805353,1.0
3,career_center,0,corrected,0.7978515625000001,0.9514844315713251
3,career_center,1,corrected,0.7852216748768474,0.945691527878349
3,career_center,2,corrected,0.7945205479452054,0.9529326574945691
3,career_center,3,corrected,0.7980535279805353,0.9580014482259233
3,career_center,4,corrected,0.7711442786069652,0.940622737146995
3,career_center,5,corrected,0.7804154302670623,0.9739319333816076
3,career_center,6,corrected,0.7854330708661419,0.9717595944967415
3,career_center,7,corrected,0.7980535279805353,0.9876900796524257
3,career_center,8,corrected,0.7980535279805353,0.9695872556118754
3,career_center,8,corrected:classic_after,0.9917469050894085,
3,career_center,0,self,0.7978515625000001,0.9514844315713251
3,career_center,1,self,0.8,0.9507603186097031
3,career_center,2,self,0.8009732360097324,0.9558291093410572
3,career_center,3,self,0.8,0.9565532223026793
3,career_center,4,self,0.8009732360097324,0.9558291093410572
3,career_center,5,self,0.8019464720194647,0.9551049963794352
3,career_center,6,self,0.8019464720194647,0.9551049963794352
3,career_center,7,self,0.8019464720194647,0.9551049963794352
3,career_center,8,self,0.8019464720194647,0.9551049963794352
3,career_center,8,self:classic_after,0.9908256880733946,
3,hybrid,0,rules,0.5985401459854015,
3,hybrid,0,frozen,0.5712507778469197,0.6733111849390919
3,hybrid,0,oracle,0.6960503720663995,1.0
3,hybrid,1,rules,0.5985401459854015,
3,hybrid,1,frozen,0.5712507778469197,0.6733111849390919
3,hybrid,1,oracle,0.6960503720663995,1.0
3,hybrid,2,rules,0.5985401459854015,
3,hybrid,2,frozen,0.5712507778469197,0.6733111849390919
3,hybrid,2,oracle,0.6960503720663995,1.0
3,hybrid,3,rules,0.5985401459854015,
3,hybrid,3,frozen,0.5712507778469197,0.6733111849390919
3,hybrid,3,oracle,0.6960503720663995,1.0
3,hybrid,4,rules,0.5985401459854015,
3,hybrid,4,frozen,0.5712507778469197,0.6733111849390919
3,hybrid,4,oracle,0.6960503720663995,1.0
3,hybrid,5,rules,0.5985401459854015,
3,hybrid,5,frozen,0.5712507778469197,0.6733111849390919
3,hybrid,5,oracle,0.6960503720663995,1.0
3,hybrid,6,rules,0.5985401459854015,
3,hybrid,6,frozen,0.5712507778469197,0.6733111849390919
3,hybrid,6,oracle,0.6960503720663995,1.0
3,hybrid,7,rules,0.5985401459854015,
3,hybrid,7,frozen,0.5712507778469197,0.6733111849390919
3,hybrid,7,oracle,0.6960503720663995,1.0
3,hybrid,8,rules,0.5985401459854015,
3,hybrid,8,frozen,0.5712507778469197,0.6733111849390919
3,hybrid,8,oracle,0.6960503720663995,1.0
3,hybrid,0,corrected,0.5712507778469197,0.6733111849390919
3,hybrid,1,corrected,0.6921348314606742,0.9612403100775194
3,hybrid,2,corrected,0.6960503720663995,0.9900332225913622
3,hybrid,3,corrected,0.6960503720663995,0.9889258028792912
3,hybrid,4,corrected,0.6960503720663995,0.9861572535991141
3,hybrid,5,corrected,0.6960503720663995,0.9861572535991141
3,hybrid,6,corrected,0.6960503720663995,0.9856035437430787
3,hybrid,7,corrected,0.6960503720663995,0.9844961240310077
3,hybrid,8,corrected,0.6960503720663995,0.9867109634551495
3,hybrid,8,corrected:classic_after,0.9908256880733946,
3,hybrid,0,self,0.5712507778469197,0.6733111849390919
3,hybrid,1,self,0.5726817042606517,0.7624584717607974
3,hybrid,2,self,0.5908529048207664,0.7746400885935769
3,hybrid,3,self,0.6190187764990914,0.8039867109634552
3,hybrid,4,self,0.6400476758045291,0.8322259136212624
3,hybrid,5,self,0.6607981220657277,0.8588039867109635
3,hybrid,6,self,0.6670560747663552,0.8698781838316723
3,hybrid,7,self,0.669762042948346,0.8732004429678848
3,hybrid,8,self,0.6716763005780347,0.875968992248062
3,hybrid,8,self:classic_after,0.9898989898989898,
4,modern,0,rules,0.5215311004784688,
4,modern,0,frozen,0.7163727959697734,0.8310502283105022
4,modern,0,oracle,0.7709923664122138,1.0
4,modern,1,rules,0.5215311004784688,
4,modern,1,frozen,0.7163727959697734,0.8310502283105022
4,modern,1,oracle,0.7709923664122138,1.0
4,modern,2,rules,0.5215311004784688,
4,modern,2,frozen,0.7163727959697734,0.8310502283105022
4,modern,2,oracle,0.7709923664122138,1.0
4,modern,3,rules,0.5215311004784688,
4,modern,3,frozen,0.7163727959697734,0.8310502283105022
4,modern,3,oracle,0.7709923664122138,1.0
4,modern,4,rules,0.5215311004784688,
4,modern,4,frozen,0.7163727959697734,0.8310502283105022
4,modern,4,oracle,0.7709923664122138,1.0
4,modern,5,rules,0.5215311004784688,
4,modern,5,frozen,0.7163727959697734,0.8310502283105022
4,modern,5,oracle,0.7709923664122138,1.0
4,modern,6,rules,0.5215311004784688,
4,modern,6,frozen,0.7163727959697734,0.8310502283105022
4,modern,6,oracle,0.7709923664122138,1.0
4,modern,7,rules,0.5215311004784688,
4,modern,7,frozen,0.7163727959697734,0.8310502283105022
4,modern,7,oracle,0.7709923664122138,1.0
4,modern,8,rules,0.5215311004784688,
4,modern,8,frozen,0.7163727959697734,0.8310502283105022
4,modern,8,oracle,0.7709923664122138,1.0
4,modern,0,corrected,0.7163727959697734,0.8310502283105022
4,modern,1,corrected,0.7650688182249644,0.9823874755381604
4,modern,2,corrected,0.7708432586946165,0.9895629484670581
4,modern,3,corrected,0.766301761066159,0.9902152641878669
4,modern,4,corrected,0.766301761066159,0.9902152641878669
4,modern,5,corrected,0.756601056168987,0.9797782126549249
4,modern,6,corrected,0.766301761066159,0.9908675799086758
4,modern,7,corrected,0.766301761066159,0.9908675799086758
4,modern,8,corrected,0.766301761066159,0.9908675799086758
4,modern,8,corrected:classic_after,0.9910611964244785,
4,modern,0,self,0.7163727959697734,0.8310502283105022
4,modern,1,self,0.6512627619559377,0.8095238095238095
4,modern,2,self,0.6729957805907173,0.8232224396607958
4,modern,3,self,0.657051282051282,0.8166992824527071
4,modern,4,self,0.657051282051282,0.8160469667318982
4,modern,5,self,0.6538049303322615,0.8147423352902805
4,modern,6,self,0.6301969365426695,0.8030006523157208
4,modern,7,self,0.6301969365426695,0.8023483365949119
4,modern,8,self,0.6301969365426695,0.8023483365949119
4,modern,8,self:classic_after,0.9903669724770642,
4,latex,0,rules,0.7386046511627907,
4,latex,0,frozen,0.7302477793361384,0.9632968448164843
4,latex,0,oracle,0.7355679702048417,1.0
4,latex,1,rules,0.7386046511627907,
4,latex,1,frozen,0.7302477793361384,0.9632968448164843
4,latex,1,oracle,0.7355679702048417,1.0
4,latex,2,rules,0.7386046511627907,
4,latex,2,frozen,0.7302477793361384,0.9632968448164843
4,latex,2,oracle,0.7355679702048417,1.0
4,latex,3,rules,0.7386046511627907,
4,latex,3,frozen,0.7302477793361384,0.9632968448164843
4,latex,3,oracle,0.7355679702048417,1.0
4,latex,4,rules,0.7386046511627907,
4,latex,4,frozen,0.7302477793361384,0.9632968448164843
4,latex,4,oracle,0.7355679702048417,1.0
4,latex,5,rules,0.7386046511627907,
4,latex,5,frozen,0.7302477793361384,0.9632968448164843
4,latex,5,oracle,0.7355679702048417,1.0
4,latex,6,rules,0.7386046511627907,
4,latex,6,frozen,0.7302477793361384,0.9632968448164843
4,latex,6,oracle,0.7355679702048417,1.0
4,latex,7,rules,0.7386046511627907,
4,latex,7,frozen,0.7302477793361384,0.9632968448164843
4,latex,7,oracle,0.7355679702048417,1.0
4,latex,8,rules,0.7386046511627907,
4,latex,8,frozen,0.7302477793361384,0.9632968448164843
4,latex,8,oracle,0.7355679702048417,1.0
4,latex,0,corrected,0.7302477793361384,0.9632968448164843
4,latex,1,corrected,0.73463687150838,0.9884095299420477
4,latex,2,corrected,0.73463687150838,0.9890534449452673
4,latex,3,corrected,0.73463687150838,0.9909851899549259
4,latex,4,corrected,0.7355679702048417,0.9903412749517064
4,latex,5,corrected,0.7355679702048417,0.9851899549259497
4,latex,6,corrected,0.7355679702048417,0.9948486799742434
4,latex,7,corrected,0.7355679702048417,0.9903412749517064
4,latex,8,corrected,0.7342950209399721,0.9903412749517064
4,latex,8,corrected:classic_after,0.9903669724770642,
4,latex,0,self,0.7302477793361384,0.9632968448164843
4,latex,1,self,0.73463687150838,0.9755312298776562
4,latex,2,self,0.73463687150838,0.9755312298776562
4,latex,3,self,0.73463687150838,0.9755312298776562
4,latex,4,self,0.7355679702048417,0.9748873148744366
4,latex,5,self,0.7355679702048417,0.9748873148744366
4,latex,6,self,0.7355679702048417,0.9748873148744366
4,latex,7,self,0.7355679702048417,0.9748873148744366
4,latex,8,self,0.7342950209399721,0.9748873148744366
4,latex,8,self:classic_after,0.9903669724770642,
4,career_center,0,rules,0.7794187708432586,
4,career_center,0,frozen,0.7968164794007491,0.9550173010380623
4,career_center,0,oracle,0.801487680148768,1.0
4,career_center,1,rules,0.7794187708432586,
4,career_center,1,frozen,0.7968164794007491,0.9550173010380623
4,career_center,1,oracle,0.801487680148768,1.0
4,career_center,2,rules,0.7794187708432586,
4,career_center,2,frozen,0.7968164794007491,0.9550173010380623
4,career_center,2,oracle,0.801487680148768,1.0
4,career_center,3,rules,0.7794187708432586,
4,career_center,3,frozen,0.7968164794007491,0.9550173010380623
4,career_center,3,oracle,0.801487680148768,1.0
4,career_center,4,rules,0.7794187708432586,
4,career_center,4,frozen,0.7968164794007491,0.9550173010380623
4,career_center,4,oracle,0.801487680148768,1.0
4,career_center,5,rules,0.7794187708432586,
4,career_center,5,frozen,0.7968164794007491,0.9550173010380623
4,career_center,5,oracle,0.801487680148768,1.0
4,career_center,6,rules,0.7794187708432586,
4,career_center,6,frozen,0.7968164794007491,0.9550173010380623
4,career_center,6,oracle,0.801487680148768,1.0
4,career_center,7,rules,0.7794187708432586,
4,career_center,7,frozen,0.7968164794007491,0.9550173010380623
4,career_center,7,oracle,0.801487680148768,1.0
4,career_center,8,rules,0.7794187708432586,
4,career_center,8,frozen,0.7968164794007491,0.9550173010380623
4,career_center,8,oracle,0.801487680148768,1.0
4,career_center,0,corrected,0.7968164794007491,0.9550173010380623
4,career_center,1,corrected,0.8016720854621459,0.9771626297577855
4,career_center,2,corrected,0.8012999071494893,0.9833910034602076
4,career_center,3,corrected,0.8022284122562674,0.9840830449826989
4,career_center,4,corrected,0.8022284122562674,0.9847750865051903
4,career_center,5,corrected,0.8074418604651163,0.9757785467128027
4,career_center,6,corrected,0.8044485634847082,0.9854671280276817
4,career_center,7,corrected,0.8022284122562674,0.9840830449826989
4,career_center,8,corrected,0.8031496062992126,0.9854671280276817
4,career_center,8,corrected:classic_after,0.9903669724770642,
4,career_center,0,self,0.7968164794007491,0.9550173010380623
4,career_center,1,self,0.800743149094287,0.9598615916955018
4,career_center,2,self,0.8016720854621459,0.960553633217993
4,career_center,3,self,0.8022284122562674,0.9619377162629758
4,career_center,4,self,0.8022284122562674,0.9633217993079585
4,career_center,5,self,0.8022284122562674,0.9633217993079585
4,career_center,6,self,0.8022284122562674,0.9633217993079585
4,career_center,7,self,0.8022284122562674,0.9633217993079585
4,career_center,8,self,0.8035217794253939,0.9640138408304498
4,career_center,8,self:classic_after,0.9903669724770642,
4,hybrid,0,rules,0.6019417475728155,
4,hybrid,0,frozen,0.5261121856866539,0.5962414578587699
4,hybrid,0,oracle,0.6963470319634704,1.0
4,hybrid,1,rules,0.6019417475728155,
4,hybrid,1,frozen,0.5261121856866539,0.5962414578587699
4,hybrid,1,oracle,0.6963470319634704,1.0
4,hybrid,2,rules,0.6019417475728155,
4,hybrid,2,frozen,0.5261121856866539,0.5962414578587699
4,hybrid,2,oracle,0.6963470319634704,1.0
4,hybrid,3,rules,0.6019417475728155,
4,hybrid,3,frozen,0.5261121856866539,0.5962414578587699
4,hybrid,3,oracle,0.6963470319634704,1.0
4,hybrid,4,rules,0.6019417475728155,
4,hybrid,4,frozen,0.5261121856866539,0.5962414578587699
4,hybrid,4,oracle,0.6963470319634704,1.0
4,hybrid,5,rules,0.6019417475728155,
4,hybrid,5,frozen,0.5261121856866539,0.5962414578587699
4,hybrid,5,oracle,0.6963470319634704,1.0
4,hybrid,6,rules,0.6019417475728155,
4,hybrid,6,frozen,0.5261121856866539,0.5962414578587699
4,hybrid,6,oracle,0.6963470319634704,1.0
4,hybrid,7,rules,0.6019417475728155,
4,hybrid,7,frozen,0.5261121856866539,0.5962414578587699
4,hybrid,7,oracle,0.6963470319634704,1.0
4,hybrid,8,rules,0.6019417475728155,
4,hybrid,8,frozen,0.5261121856866539,0.5962414578587699
4,hybrid,8,oracle,0.6963470319634704,1.0
4,hybrid,0,corrected,0.5261121856866539,0.5962414578587699
4,hybrid,1,corrected,0.6928251121076233,0.9612756264236902
4,hybrid,2,corrected,0.6958997722095671,0.984624145785877
4,hybrid,3,corrected,0.6963470319634704,0.9977220956719818
4,hybrid,4,corrected,0.6963470319634704,0.9977220956719818
4,hybrid,5,corrected,0.6963470319634704,0.9977220956719818
4,hybrid,6,corrected,0.6963470319634704,0.9971526195899773
4,hybrid,7,corrected,0.6971951917572982,0.9925968109339408
4,hybrid,8,corrected,0.6956025128498002,0.994874715261959
4,hybrid,8,corrected:classic_after,0.9887330420786388,
4,hybrid,0,self,0.5261121856866539,0.5962414578587699
4,hybrid,1,self,0.5083836351441986,0.5387243735763098
4,hybrid,2,self,0.5102990033222591,0.5461275626423691
4,hybrid,3,self,0.5170157068062827,0.5546697038724373
4,hybrid,4,self,0.507343124165554,0.5375854214123007
4,hybrid,5,self,0.5084061869535978,0.5313211845102506
4,hybrid,6,self,0.5080645161290323,0.5324601366742597
4,hybrid,7,self,0.5080645161290323,0.5324601366742597
4,hybrid,8,self,0.5080645161290323,0.5324601366742597
4,hybrid,8,self:classic_after,0.9908256880733946,
