format,style,headings,case,bullet,dates,contact,extras,pdf_font,docx_font,design,source,split
f01,hybrid,Technical Skills / Education and Training / Work Experience / Personal Projects,title,▪,numeric,one_line_labeled,none,Courier,Calibri,none,,train
f02,career_center,Degrees: / Work Experience: / Technical Projects: / Skill Set:,title_colon,–,short,as_style,none,Courier,Georgia,none,,train
f03,latex,OBJECTIVE / DEGREES / EXPERTISE / VOLUNTEERING / CAMPUS INVOLVEMENT / HONORS / PORTFOLIO / WORK EXPERIENCE,small_caps_like,-,numeric,one_line_labeled,"volunteering, leadership, awards",Times-Roman,Arial,none,,train
f04,latex,Professional Overview / Academic Background / Expertise / Career History / Personal Projects / Spoken Languages / Licenses & Certifications,title,*,numeric,as_style,"certifications, languages",Times-Roman,Calibri,none,,train
f05,latex,Summary: / Expertise: / Employment History: / Schooling: / Project Experience: / Publications and Presentations: / Volunteer Experience: / Activities:,title_colon,–,long,labeled,"leadership, volunteering, publications",Helvetica,Georgia,none,,train
f06,latex,PERSONAL STATEMENT / SKILL SET / WHERE I HAVE WORKED / ACADEMICS / PORTFOLIO,small_caps_like,•,numeric,one_line_labeled,none,Courier,Garamond,none,,train
f07,classic,Career Objective / Where I Have Worked / Community Service / Technical Proficiencies / Projects / Academics,title,none,numeric,as_style,volunteering,Times-Roman,Georgia,none,,train
f08,latex,TECHNICAL SKILLS / CAREER HISTORY / PUBLICATIONS AND PRESENTATIONS / SPOKEN LANGUAGES / ACADEMICS / RESEARCH PROJECTS / CAMPUS INVOLVEMENT,upper,>,short,labeled,"languages, publications, leadership",Helvetica,Garamond,none,,train
f09,modern,CAREER HISTORY / TECHNICAL PROFICIENCIES / PUBLICATIONS and PRESENTATIONS / CERTIFICATES / SPOKEN LANGUAGES / PORTFOLIO / EDUCATION and TRAINING,small_caps_like,*,short,one_line_labeled,"publications, certifications, languages",Courier,Times New Roman,none,,train
f10,classic,WHERE I HAVE WORKED / ACADEMIC HISTORY / EXPERTISE / CAMPUS INVOLVEMENT / THINGS I HAVE BUILT,upper,none,numeric,as_style,leadership,Helvetica,Calibri,none,,train
f11,latex,Summary / Industry Experience / Academic History / Competencies / Projects,title,•,short,as_style,none,Times-Roman,Arial,none,,train
f12,classic,Skill Set / Technical Projects / Achievements / Education and Training / Spoken Languages / Industry Experience / Volunteering,title,•,numeric,labeled,"languages, awards, volunteering",Times-Roman,Georgia,none,,train
f13,hybrid,OVERVIEW / WHERE I HAVE WORKED / TECHNICAL PROJECTS / LEADERSHIP & ACTIVITIES / TECHNICAL PROFICIENCIES / EDUCATION / INTERESTS,small_caps_like,•,long,as_style,"leadership, interests",Courier,Calibri,none,,train
f14,classic,Toolbox: / Academics: / Papers: / Projects: / Industry Experience: / Certificates:,title_colon,-,numeric,one_line_labeled,"publications, certifications",Courier,Times New Roman,none,,train
f15,modern,ABOUT ME: / PORTFOLIO: / TECHNICAL SKILLS: / ACHIEVEMENTS: / CAREER HISTORY: / CAMPUS INVOLVEMENT: / DEGREES:,upper_colon,-,short,one_line_labeled,"leadership, awards",Times-Roman,Garamond,none,,train
f16,classic,EDUCATION & HONORS: / PROFESSIONAL EXPERIENCE: / CERTIFICATES: / SOFTWARE & TOOLS: / SELECTED PROJECTS: / AWARDS:,upper_colon,–,numeric,labeled,"awards, certifications",Courier,Garamond,none,,train
f17,modern,PROFESSIONAL OVERVIEW / ACADEMIC BACKGROUND / INDUSTRY EXPERIENCE / TECHNICAL PROFICIENCIES / TECHNICAL PROJECTS,upper,*,long,labeled,none,Times-Roman,Calibri,none,,train
f18,hybrid,Personal Statement / Things I Have Built / Toolbox / Academics / Positions Held,title,•,short,as_style,none,Helvetica,Georgia,none,,train
f19,latex,OBJECTIVE / TECHNICAL SKILLS / SELECTED PROJECTS / RELEVANT EXPERIENCE / EDUCATION and TRAINING / AWARDS,small_caps_like,-,numeric,as_style,awards,Helvetica,Georgia,none,,train
f20,classic,SCHOOLING / THINGS I HAVE BUILT / TOOLBOX / EXPERIENCE / VOLUNTEERING / ACTIVITIES,small_caps_like,>,short,one_line_labeled,"volunteering, leadership",Helvetica,Arial,none,,train
f21,career_center,PERSONAL STATEMENT: / CORE SKILLS: / INDUSTRY EXPERIENCE: / ACADEMIC BACKGROUND: / THINGS I HAVE BUILT:,upper_colon,▪,long,as_style,none,Helvetica,Garamond,none,,train
f22,career_center,Academic Background / Relevant Experience / Outside the Lab / Spoken Languages / Software & Tools / Things I Have Built / Publications,title,*,long,as_style,"publications, interests, languages",Helvetica,Times New Roman,none,,train
f23,career_center,Professional Overview: / Expertise: / Interests: / Campus Involvement: / Industry Experience: / Achievements: / Education & Honors: / Portfolio:,title_colon,•,numeric,labeled,"interests, leadership, awards",Times-Roman,Calibri,none,,train
f24,hybrid,INDUSTRY EXPERIENCE / PROJECTS / SOFTWARE & TOOLS / ACADEMIC BACKGROUND / PUBLICATIONS / LEADERSHIP,small_caps_like,-,short,as_style,"publications, leadership",Courier,Georgia,none,,train
f25,modern,Profile: / Skill Set: / Outside the Lab: / Licenses & Certifications: / Career History: / Education & Honors: / Engineering Projects:,title_colon,-,numeric,one_line_labeled,"interests, certifications",Helvetica,Garamond,none,,train
f26,career_center,EXPERIENCE / ACADEMIC BACKGROUND / RESEARCH PROJECTS / SKILL SET / HONORS & AWARDS,upper,▪,long,one_line_labeled,awards,Times-Roman,Calibri,none,,train
f27,hybrid,Profile / Skills / Project Experience / Honors / Papers / Academics / Work Experience,title,–,long,one_line_labeled,"awards, publications",Times-Roman,Times New Roman,none,,train
f28,hybrid,CAREER OBJECTIVE / SKILLS / WHERE I HAVE WORKED / ENGINEERING PROJECTS / EDUCATIONAL BACKGROUND / RESEARCH OUTPUT / LEADERSHIP & ACTIVITIES,small_caps_like,–,long,labeled,"publications, leadership",Courier,Garamond,none,,train
f29,career_center,ABOUT ME: / TOOLBOX: / EDUCATION: / LICENSES & CERTIFICATIONS: / WHERE I HAVE WORKED: / HOBBIES: / ENGINEERING PROJECTS:,upper_colon,–,long,labeled,"certifications, interests",Times-Roman,Calibri,none,,train
f30,hybrid,Professional Summary / Academics / Experience / Personal Projects / Technical Skills / Community Service / Awards,title,*,long,labeled,"volunteering, awards",Helvetica,Georgia,none,,train
f31,hybrid,OVERVIEW / PERSONAL PROJECTS / TOOLBOX / PUBLICATIONS / WORK HISTORY / ACADEMIC HISTORY,upper,–,short,labeled,publications,Courier,Calibri,none,,train
f32,latex,Work Experience / Technical Proficiencies / Certificates / Project Experience / Academic History / Spoken Languages,title,–,numeric,as_style,"languages, certifications",Courier,Calibri,none,,train
f33,hybrid,TECHNICAL PROFICIENCIES / DEGREES / INTERNSHIPS / SPOKEN LANGUAGES / PROJECT EXPERIENCE / RESEARCH OUTPUT,upper,*,numeric,one_line_labeled,"languages, publications",Courier,Calibri,none,,train
f34,career_center,RELEVANT EXPERIENCE / ACADEMICS / TOOLBOX / PROJECTS / PUBLICATIONS AND PRESENTATIONS,upper,•,long,as_style,publications,Courier,Georgia,none,,train
f35,classic,ABOUT ME / WHERE I HAVE WORKED / EDUCATIONAL BACKGROUND / LANGUAGES / TOOLBOX / PERSONAL PROJECTS,small_caps_like,–,short,as_style,languages,Courier,Times New Roman,none,,train
f36,modern,POSITIONS HELD / DEGREES / TECHNICAL PROFICIENCIES / LICENSES & CERTIFICATIONS / ENGINEERING PROJECTS / SPOKEN LANGUAGES,upper,•,numeric,labeled,"certifications, languages",Times-Roman,Arial,none,,train
f37,modern,CAREER OBJECTIVE: / ENGINEERING PROJECTS: / EXPERTISE: / EDUCATION: / VOLUNTEER EXPERIENCE: / HONORS: / PROFESSIONAL EXPERIENCE:,upper_colon,-,long,labeled,"volunteering, awards",Times-Roman,Calibri,none,,train
f38,modern,Professional Overview: / Skills: / Schooling: / Research Output: / Professional Experience: / Leadership: / Languages: / Research Projects:,title_colon,▪,numeric,one_line_labeled,"leadership, publications, languages",Courier,Times New Roman,none,,train
f39,hybrid,Summary / Degrees / Work History / Skills / Volunteering / Engineering Projects / Spoken Languages,title,none,short,as_style,"languages, volunteering",Helvetica,Times New Roman,none,,train
f40,latex,Project Experience: / Education & Honors: / Where I Have Worked: / Achievements: / Research Output: / Licenses & Certifications: / Core Skills:,title_colon,•,numeric,as_style,"awards, publications, certifications",Helvetica,Arial,none,,train
f41,latex,OBJECTIVE / PERSONAL PROJECTS / TOOLS & TECHNOLOGIES / WORK EXPERIENCE / EDUCATION AND TRAINING / SPOKEN LANGUAGES / LEADERSHIP & ACTIVITIES,upper,–,long,one_line_labeled,"languages, leadership",Courier,Times New Roman,none,,held out
f42,classic,SCHOOLING: / TOOLBOX: / PAPERS: / WHERE I HAVE WORKED: / SELECTED PROJECTS:,upper_colon,none,numeric,one_line_labeled,publications,Courier,Arial,none,,held out
f43,modern,EDUCATIONAL BACKGROUND: / TOOLBOX: / PORTFOLIO: / ACTIVITIES: / INDUSTRY EXPERIENCE: / AWARDS:,upper_colon,none,numeric,one_line_labeled,"leadership, awards",Times-Roman,Arial,none,,held out
f44,modern,EXPERTISE: / EDUCATIONAL BACKGROUND: / LEADERSHIP: / LICENSES & CERTIFICATIONS: / OUTSIDE THE LAB: / CAREER HISTORY: / TECHNICAL PROJECTS:,upper_colon,*,numeric,as_style,"leadership, interests, certifications",Times-Roman,Garamond,none,,held out
f45,latex,CAREER OBJECTIVE: / PERSONAL PROJECTS: / EDUCATION AND TRAINING: / CORE SKILLS: / SPOKEN LANGUAGES: / VOLUNTEERING: / RELEVANT EXPERIENCE:,upper_colon,-,numeric,labeled,"volunteering, languages",Helvetica,Garamond,none,,held out
f46,latex,Profile: / Software & Tools: / Personal Projects: / Degrees: / Career History:,title_colon,•,short,one_line_labeled,none,Courier,Garamond,none,,held out
f47,modern,Profile: / Career History: / Education and Training: / Honors: / Personal Projects: / Outside the Lab: / Tools & Technologies:,title_colon,none,short,one_line_labeled,"interests, awards",Helvetica,Arial,none,,held out
f48,modern,DEGREES / POSITIONS HELD / THINGS I HAVE BUILT / SKILLS,small_caps_like,none,numeric,one_line_labeled,none,Helvetica,Times New Roman,none,,held out
f49,classic,EDUCATION / TECHNICAL PROFICIENCIES / PERSONAL PROJECTS / VOLUNTEERING / WHERE I HAVE WORKED / LANGUAGES,upper,>,numeric,as_style,"volunteering, languages",Helvetica,Times New Roman,none,,held out
f50,latex,Relevant Experience / Education / Skill Set / Achievements / Interests / Project Experience,title,-,numeric,labeled,"interests, awards",Times-Roman,Times New Roman,none,,held out
d01,career_center,SUMMARY / TOOLS & TECHNOLOGIES / SCHOOLING / PUBLICATIONS AND PRESENTATIONS / CAREER HISTORY / ACHIEVEMENTS / RESEARCH PROJECTS / VOLUNTEER EXPERIENCE,upper,–,short,as_style,"awards, volunteering, publications",Helvetica,Georgia,"tracked, tagline, ratings, shaded",,train
d02,hybrid,PROFESSIONAL SUMMARY / DEGREES / INTERESTS / CORE SKILLS / CAREER HISTORY / SELECTED PROJECTS,upper,none,long,one_line_labeled,interests,Times-Roman,Times New Roman,"tracked, rule, shaded",,train
d03,hybrid,SUMMARY / EDUCATION / SOFTWARE & TOOLS / HONORS / INTERNSHIPS / PROJECT EXPERIENCE,upper,•,short,one_line_labeled,awards,Helvetica,Georgia,"tracked, tagline, ratings",,train
d04,modern,PROFESSIONAL OVERVIEW / INDUSTRY EXPERIENCE / PORTFOLIO / EDUCATIONAL BACKGROUND / HOBBIES / CERTIFICATIONS / SKILLS,upper,–,long,one_line_labeled,"certifications, interests",Courier,Times New Roman,"tracked, rule, tagline, shaded",,train
d05,hybrid,SUMMARY / RESEARCH PROJECTS / SPOKEN LANGUAGES / EDUCATIONAL BACKGROUND / INDUSTRY EXPERIENCE / SKILL SET,upper,none,numeric,as_style,languages,Times-Roman,Calibri,"tracked, rule, tagline, shaded",,train
d06,latex,ABOUT ME / CAREER HISTORY / TOOLBOX / HONORS & AWARDS / PORTFOLIO / ACADEMICS / LEADERSHIP & ACTIVITIES,upper,–,numeric,labeled,"awards, leadership",Times-Roman,Georgia,"tracked, tagline, ratings, shaded",,train
d07,latex,PERSONAL STATEMENT / DEGREES / CAREER HISTORY / PERSONAL PROJECTS / EXPERTISE / PUBLICATIONS,upper,▪,short,one_line_labeled,publications,Times-Roman,Georgia,"tracked, tagline",,train
d08,modern,EDUCATIONAL BACKGROUND / THINGS I HAVE BUILT / COMMUNITY SERVICE / WHERE I HAVE WORKED / SPOKEN LANGUAGES / SOFTWARE & TOOLS,upper,–,long,labeled,"languages, volunteering",Times-Roman,Georgia,"tracked, rule, tagline, shaded",,train
d09,classic,Professional Overview / Education and Training / Professional Experience / Selected Projects / Tools & Technologies / Leadership & Activities,title,–,long,as_style,leadership,Courier,Georgia,"tagline, shaded",,held out
d10,classic,SUMMARY / TECHNICAL SKILLS / SCHOOLING / SELECTED PROJECTS / RESEARCH OUTPUT / INTERNSHIPS,upper,none,numeric,one_line_labeled,publications,Times-Roman,Times New Roman,"tracked, rule, tagline, ratings",,held out
d11,career_center,Expertise / Relevant Experience / Research Output / Selected Projects / Academic Background,title,•,short,as_style,publications,Times-Roman,Georgia,"rule, tagline, ratings",,held out
d12,hybrid,OVERVIEW / EXPERIENCE / TOOLS & TECHNOLOGIES / PROJECTS / INTERESTS / EDUCATION,upper,•,short,one_line_labeled,interests,Helvetica,Georgia,"tracked, rule, tagline, ratings, shaded",,held out
r01,latex,Education / Experience / Projects / Technical Skills,as published,•,short,one_line_labeled,none,Helvetica,Calibri,rule,jakes_resume,held out
r02,career_center,Summary / Work Experience / Honors & Awards / Certificates / Education / Skills,as published,•,short,as_style,"awards, certifications",Helvetica,Calibri,"rule, tagline",awesome_cv,held out
r03,classic,Education / Skills / Experience / Research / Awards / Publications,as published,•,short,one_line_labeled,"awards, publications",Helvetica,Calibri,rule,deedy_resume,held out
r04,classic,Education / Experience / Languages / Computer skills / Interests,as published,•,short,as_style,"languages, interests",Helvetica,Calibri,"rule, tagline",moderncv,held out
r05,latex,Summary / Education / Experience / Projects / Publications / Selected Honors / Skills,as published,•,short,as_style,"publications, awards",Helvetica,Calibri,"rule, tagline",rendercv_classic,held out
r06,latex,Summary / Education / Experience / Projects / Publications / Selected Honors / Skills,as published,•,short,as_style,"publications, awards",Times-Roman,Calibri,"rule, tagline",rendercv_sb2nov,held out
r07,classic,Summary / Education / Experience / Projects / Publications / Selected Honors / Skills,as published,•,short,as_style,"publications, awards",Helvetica,Calibri,tagline,rendercv_moderncv,held out
r08,modern,Summary / Education / Experience / Projects / Publications / Selected Honors / Skills,as published,•,short,as_style,"publications, awards",Times-Roman,Calibri,"rule, tagline",rendercv_engineeringresumes,held out
r09,modern,Summary / Education / Experience / Projects / Publications / Selected Honors / Skills,as published,•,short,as_style,"publications, awards",Helvetica,Calibri,"rule, tagline",rendercv_engineeringclassic,held out
r10,modern,Summary / Education / Experience / Projects / Publications / Selected Honors / Skills,as published,•,short,as_style,"publications, awards",Times-Roman,Calibri,"rule, tagline",rendercv_harvard,held out
r11,classic,Summary / Work / Volunteer / Education / Projects / Awards / Certificates / Publications / Skills / Languages / Interests,as published,•,short,as_style,"volunteering, awards, certifications, publications, languages, interests",Helvetica,Calibri,"rule, tagline",jsonresume_even,held out
r12,career_center,Skills / Experience / Education / Awards,as published,•,long,one_line_labeled,awards,Helvetica,Calibri,none,google_swiss,held out
r13,career_center,EXPERIENCE / EDUCATION / PROJECTS / SKILLS / AWARDS / LANGUAGES,as published,•,long,one_line_labeled,"awards, languages",Times-Roman,Times New Roman,none,google_serif,held out
r14,career_center,Experience / Education / Skills / Awards,as published,•,long,one_line_labeled,awards,Helvetica,Calibri,none,google_coral,held out
r15,career_center,SKILLS / EXPERIENCE / EDUCATION / AWARDS,as published,•,long,one_line_labeled,awards,Helvetica,Calibri,"rule, tagline",google_spearmint,held out
r16,career_center,Skills / Experience / Education / Awards,as published,•,long,one_line_labeled,awards,Helvetica,Calibri,rule,google_modern_writer,held out
r17,career_center,Education / Experience / Leadership / Skills & Interests,as published,•,long,one_line_labeled,leadership,Helvetica,Calibri,none,harvard_mcs,held out
r18,classic,Education / Leadership Experience / Work Experience / Activities & Awards / Skills/Interests,as published,•,long,one_line_labeled,"leadership, awards",Helvetica,Calibri,none,mit_capd_first_year,held out
r19,classic,EDUCATION / EXPERIENCE / LEADERSHIP / SKILLS,as published,•,long,one_line_labeled,leadership,Helvetica,Calibri,none,mit_capd_undergrad,held out
r20,classic,SUMMARY / EDUCATION / SKILLS / EXPERIENCE / HONORS AND AWARDS / JOURNAL PUBLICATIONS,as published,•,short,one_line_labeled,"awards, publications",Helvetica,Calibri,none,mit_capd_phd,held out
r21,hybrid,Education / Skills / Highlighted Experience and Projects / Leadership and Extracurricular Activities / Experience,as published,•,short,one_line_labeled,leadership,Helvetica,Calibri,none,berkeley_technical,held out
r22,classic,Objective / Education / Experience / Honors and Awards / Activities / Skills,as published,•,short,one_line_labeled,"awards, leadership",Helvetica,Calibri,none,purdue_cco_guide,held out
