seed,k,group,model,f1,line_acc
0,0,hand-written,rules,0.6666666666666667,
0,0,hand-written,oracle,0.7457627118644067,
0,5,hand-written,rules,0.6666666666666667,
0,5,hand-written,oracle,0.7457627118644067,
0,10,hand-written,rules,0.6666666666666667,
0,10,hand-written,oracle,0.7457627118644067,
0,20,hand-written,rules,0.6666666666666667,
0,20,hand-written,oracle,0.7457627118644067,
0,40,hand-written,rules,0.6666666666666667,
0,40,hand-written,oracle,0.7457627118644067,
0,0,generated,rules,0.5088757396449705,
0,0,generated,oracle,0.8004131164471986,
0,5,generated,rules,0.5088757396449705,
0,5,generated,oracle,0.8004131164471986,
0,10,generated,rules,0.5088757396449705,
0,10,generated,oracle,0.8004131164471986,
0,20,generated,rules,0.5088757396449705,
0,20,generated,oracle,0.8004131164471986,
0,40,generated,rules,0.5088757396449705,
0,40,generated,oracle,0.8004131164471986,
0,0,hand-written,tagger,0.7146547270535561,0.8376327769347496
0,0,generated,tagger,0.7448741240591746,0.7133834586466166
0,0,template:modern,tagger,0.7360105332455562,0.8382352941176471
0,0,template:modern,rules,0.5129032258064515,
0,0,template:modern,oracle,0.7490196078431373,
0,0,template:latex,tagger,0.721227621483376,0.96
0,0,template:latex,rules,0.7284263959390862,
0,0,template:latex,oracle,0.7271573604060912,
0,0,template:career_center,tagger,0.8035828534868843,0.9567307692307693
0,0,template:career_center,rules,0.7801047120418848,
0,0,template:career_center,oracle,0.8017845761631612,
0,0,template:hybrid,tagger,0.5581395348837209,0.6346749226006192
0,0,template:hybrid,rules,0.6003316749585407,
0,0,template:hybrid,oracle,0.6962616822429908,
0,5,hand-written,tagger,0.7417683436403143,0.9382180793409929
0,5,generated,tagger,0.7767393561786085,0.917593984962406
0,5,template:modern,tagger,0.736773350751143,0.9290657439446367
0,5,template:modern,rules,0.5129032258064515,
0,5,template:modern,oracle,0.7490196078431373,
0,5,template:latex,tagger,0.7220447284345047,0.9591111111111111
0,5,template:latex,rules,0.7284263959390862,
0,5,template:latex,oracle,0.7271573604060912,
0,5,template:career_center,tagger,0.8076433121019109,0.9567307692307693
0,5,template:career_center,rules,0.7801047120418848,
0,5,template:career_center,oracle,0.8017845761631612,
0,5,template:hybrid,tagger,0.6924829157175398,0.913312693498452
0,5,template:hybrid,rules,0.6003316749585407,
0,5,template:hybrid,oracle,0.6962616822429908,
0,10,hand-written,tagger,0.7444036084196458,0.9349663993063082
0,10,generated,tagger,0.7943997925849106,0.9404511278195489
0,10,template:modern,tagger,0.7477124183006536,0.9091695501730104
0,10,template:modern,rules,0.5129032258064515,
0,10,template:modern,oracle,0.7490196078431373,
0,10,template:latex,tagger,0.7284263959390862,0.976
0,10,template:latex,rules,0.7284263959390862,
0,10,template:latex,oracle,0.7271573604060912,
0,10,template:career_center,tagger,0.8076433121019109,0.9711538461538461
0,10,template:career_center,rules,0.7801047120418848,
0,10,template:career_center,oracle,0.8017845761631612,
0,10,template:hybrid,tagger,0.6839694656488549,0.8931888544891641
0,10,template:hybrid,rules,0.6003316749585407,
0,10,template:hybrid,oracle,0.6962616822429908,
0,20,hand-written,tagger,0.7430102126234723,0.9408194233687405
0,20,generated,tagger,0.7932555123216602,0.9554887218045113
0,20,template:modern,tagger,0.7490196078431373,0.9394463667820069
0,20,template:modern,rules,0.5129032258064515,
0,20,template:modern,oracle,0.7490196078431373,
0,20,template:latex,tagger,0.7284263959390862,0.9902222222222222
0,20,template:latex,rules,0.7284263959390862,
0,20,template:latex,oracle,0.7271573604060912,
0,20,template:career_center,tagger,0.8063694267515924,0.9586538461538462
0,20,template:career_center,rules,0.7801047120418848,
0,20,template:career_center,oracle,0.8017845761631612,
0,20,template:hybrid,tagger,0.676946800308404,0.8846749226006192
0,20,template:hybrid,rules,0.6003316749585407,
0,20,template:hybrid,oracle,0.6962616822429908,
0,40,hand-written,tagger,0.7380073800738006,0.9219596791675699
0,40,generated,tagger,0.794102431453699,0.966015037593985
0,40,template:modern,tagger,0.7455853499018966,0.9420415224913494
0,40,template:modern,rules,0.5129032258064515,
0,40,template:modern,oracle,0.7490196078431373,
0,40,template:latex,tagger,0.721938775510204,0.9617777777777777
0,40,template:latex,rules,0.7284263959390862,
0,40,template:latex,oracle,0.7271573604060912,
0,40,template:career_center,tagger,0.8076433121019109,0.948076923076923
0,40,template:career_center,rules,0.7801047120418848,
0,40,template:career_center,oracle,0.8017845761631612,
0,40,template:hybrid,tagger,0.664092664092664,0.848297213622291
0,40,template:hybrid,rules,0.6003316749585407,
0,40,template:hybrid,oracle,0.6962616822429908,
1,0,hand-written,rules,0.6706710142440363,
1,0,hand-written,oracle,0.7569113441372737,
1,5,hand-written,rules,0.6706710142440363,
1,5,hand-written,oracle,0.7569113441372737,
1,10,hand-written,rules,0.6706710142440363,
1,10,hand-written,oracle,0.7569113441372737,
1,20,hand-written,rules,0.6706710142440363,
1,20,hand-written,oracle,0.7569113441372737,
1,40,hand-written,rules,0.6706710142440363,
1,40,hand-written,oracle,0.7569113441372737,
1,0,generated,rules,0.48566610455311965,
1,0,generated,oracle,0.8096514745308311,
1,5,generated,rules,0.48566610455311965,
1,5,generated,oracle,0.8096514745308311,
1,10,generated,rules,0.48566610455311965,
1,10,generated,oracle,0.8096514745308311,
1,20,generated,rules,0.48566610455311965,
1,20,generated,oracle,0.8096514745308311,
1,40,generated,rules,0.48566610455311965,
1,40,generated,oracle,0.8096514745308311,
1,0,hand-written,tagger,0.7192345760475092,0.8273885350318472
1,0,generated,tagger,0.7410759175465057,0.7043580683156655
1,0,template:modern,tagger,0.7531172069825436,0.8336192109777015
1,0,template:modern,rules,0.4859375,
1,0,template:modern,oracle,0.7626076260762609,
1,0,template:latex,tagger,0.7414104882459313,0.977112676056338
1,0,template:latex,rules,0.7456612806702572,
1,0,template:latex,oracle,0.7432675044883303,
1,0,template:career_center,tagger,0.8167985392574559,0.9613572101790764
1,0,template:career_center,rules,0.7925465838509317,
1,0,template:career_center,oracle,0.8130671506352088,
1,0,template:hybrid,tagger,0.5017301038062284,0.5902004454342984
1,0,template:hybrid,rules,0.6034755134281201,
1,0,template:hybrid,oracle,0.6979166666666665,
1,5,hand-written,tagger,0.7511125238397965,0.9121019108280255
1,5,generated,tagger,0.788746298124383,0.9137220259128387
1,5,template:modern,tagger,0.7515299877600979,0.8936535162950258
1,5,template:modern,rules,0.4859375,
1,5,template:modern,oracle,0.7626076260762609,
1,5,template:latex,tagger,0.7456612806702572,0.9823943661971831
1,5,template:latex,rules,0.7456612806702572,
1,5,template:latex,oracle,0.7432675044883303,
1,5,template:career_center,tagger,0.8211036992116434,0.9688972667295005
1,5,template:career_center,rules,0.7925465838509317,
1,5,template:career_center,oracle,0.8130671506352088,
1,5,template:hybrid,tagger,0.6711509715994021,0.8240534521158129
1,5,template:hybrid,rules,0.6034755134281201,
1,5,template:hybrid,oracle,0.6979166666666665,
1,10,hand-written,tagger,0.7585770750988142,0.9292993630573249
1,10,generated,tagger,0.8105211885046274,0.958186101295642
1,10,template:modern,tagger,0.7628992628992627,0.9099485420240138
1,10,template:modern,rules,0.4859375,
1,10,template:modern,oracle,0.7626076260762609,
1,10,template:latex,tagger,0.7456612806702572,0.9823943661971831
1,10,template:latex,rules,0.7456612806702572,
1,10,template:latex,oracle,0.7432675044883303,
1,10,template:career_center,tagger,0.8219674109837054,0.9575871819038643
1,10,template:career_center,rules,0.7925465838509317,
1,10,template:career_center,oracle,0.8130671506352088,
1,10,template:hybrid,tagger,0.6924762600438276,0.8789903489235338
1,10,template:hybrid,rules,0.6034755134281201,
1,10,template:hybrid,oracle,0.6979166666666665,
1,20,hand-written,tagger,0.7493987493987494,0.8989384288747346
1,20,generated,tagger,0.8123932666504025,0.974676089517079
1,20,template:modern,tagger,0.7643076923076922,0.9391080617495712
1,20,template:modern,rules,0.4859375,
1,20,template:modern,oracle,0.7626076260762609,
1,20,template:latex,tagger,0.7436517533252721,0.9665492957746479
1,20,template:latex,rules,0.7456612806702572,
1,20,template:latex,oracle,0.7432675044883303,
1,20,template:career_center,tagger,0.8219674109837054,0.9340245051837889
1,20,template:career_center,rules,0.7925465838509317,
1,20,template:career_center,oracle,0.8130671506352088,
1,20,template:hybrid,tagger,0.6456571867794004,0.779510022271715
1,20,template:hybrid,rules,0.6034755134281201,
1,20,template:hybrid,oracle,0.6979166666666665,
1,40,hand-written,tagger,0.754181934044926,0.9225053078556263
1,40,generated,tagger,0.809512135327286,0.9661366313309776
1,40,template:modern,tagger,0.7592592592592593,0.9322469982847341
1,40,template:modern,rules,0.4859375,
1,40,template:modern,oracle,0.7626076260762609,
1,40,template:latex,tagger,0.7435123717561858,0.9700704225352113
1,40,template:latex,rules,0.7456612806702572,
1,40,template:latex,oracle,0.7432675044883303,
1,40,template:career_center,tagger,0.8181818181818182,0.9491046182846371
1,40,template:career_center,rules,0.7925465838509317,
1,40,template:career_center,oracle,0.8130671506352088,
1,40,template:hybrid,tagger,0.682962962962963,0.8530066815144766
1,40,template:hybrid,rules,0.6034755134281201,
1,40,template:hybrid,oracle,0.6979166666666665,
2,0,hand-written,rules,0.6694008559201141,
2,0,hand-written,oracle,0.7523209549071617,
2,5,hand-written,rules,0.6694008559201141,
2,5,hand-written,oracle,0.7523209549071617,
2,10,hand-written,rules,0.6694008559201141,
2,10,hand-written,oracle,0.7523209549071617,
2,20,hand-written,rules,0.6694008559201141,
2,20,hand-written,oracle,0.7523209549071617,
2,40,hand-written,rules,0.6694008559201141,
2,40,hand-written,oracle,0.7523209549071617,
2,0,generated,rules,0.512749827705031,
2,0,generated,oracle,0.8038765621015048,
2,5,generated,rules,0.512749827705031,
2,5,generated,oracle,0.8038765621015048,
2,10,generated,rules,0.512749827705031,
2,10,generated,oracle,0.8038765621015048,
2,20,generated,rules,0.512749827705031,
2,20,generated,oracle,0.8038765621015048,
2,40,generated,rules,0.512749827705031,
2,40,generated,oracle,0.8038765621015048,
2,0,hand-written,tagger,0.7091063829787234,0.825147347740668
2,0,generated,tagger,0.7616382599847367,0.7149446494464945
2,0,template:modern,tagger,0.7070967741935483,0.8278905560458959
2,0,template:modern,rules,0.5096153846153847,
2,0,template:modern,oracle,0.7572440437862202,
2,0,template:latex,tagger,0.7341294783155248,0.9657039711191335
2,0,template:latex,rules,0.7379612257661037,
2,0,template:latex,oracle,0.7379612257661037,
2,0,template:career_center,tagger,0.8045685279187818,0.9539347408829175
2,0,template:career_center,rules,0.7815942968243683,
2,0,template:career_center,oracle,0.8080808080808081,
2,0,template:hybrid,tagger,0.5474956822107081,0.5993836671802774
2,0,template:hybrid,rules,0.6009852216748769,
2,0,template:hybrid,oracle,0.6959876543209877,
2,5,hand-written,tagger,0.7415282392026578,0.9004584151931893
2,5,generated,tagger,0.7966360856269113,0.9111316113161132
2,5,template:modern,tagger,0.7562700964630225,0.8984995586937334
2,5,template:modern,rules,0.5096153846153847,
2,5,template:modern,oracle,0.7572440437862202,
2,5,template:latex,tagger,0.7379612257661037,0.9693140794223827
2,5,template:latex,rules,0.7379612257661037,
2,5,template:latex,oracle,0.7379612257661037,
2,5,template:career_center,tagger,0.8080808080808081,0.974088291746641
2,5,template:career_center,rules,0.7815942968243683,
2,5,template:career_center,oracle,0.8080808080808081,
2,5,template:hybrid,tagger,0.6458658346333853,0.7842835130970724
2,5,template:hybrid,rules,0.6009852216748769,
2,5,template:hybrid,oracle,0.6959876543209877,
2,10,hand-written,tagger,0.7469360715468699,0.9323291857672997
2,10,generated,tagger,0.8033664881407804,0.9618696186961869
2,10,template:modern,tagger,0.7587096774193548,0.9585172109443955
2,10,template:modern,rules,0.5096153846153847,
2,10,template:modern,oracle,0.7572440437862202,
2,10,template:latex,tagger,0.7379612257661037,0.9765342960288809
2,10,template:latex,rules,0.7379612257661037,
2,10,template:latex,oracle,0.7379612257661037,
2,10,template:career_center,tagger,0.804306523115896,0.9760076775431862
2,10,template:career_center,rules,0.7815942968243683,
2,10,template:career_center,oracle,0.8080808080808081,
2,10,template:hybrid,tagger,0.6748091603053434,0.8366718027734977
2,10,template:hybrid,rules,0.6009852216748769,
2,10,template:hybrid,oracle,0.6959876543209877,
2,20,hand-written,tagger,0.7464019851116624,0.9310194280724733
2,20,generated,tagger,0.7986697365055001,0.9661746617466175
2,20,template:modern,tagger,0.7564432989690723,0.9541041482789056
2,20,template:modern,rules,0.5096153846153847,
2,20,template:modern,oracle,0.7572440437862202,
2,20,template:latex,tagger,0.7379612257661037,0.970216606498195
2,20,template:latex,rules,0.7379612257661037,
2,20,template:latex,oracle,0.7379612257661037,
2,20,template:career_center,tagger,0.7956577266922094,0.9616122840690979
2,20,template:career_center,rules,0.7815942968243683,
2,20,template:career_center,oracle,0.8080808080808081,
2,20,template:hybrid,tagger,0.6867469879518072,0.8528505392912172
2,20,template:hybrid,rules,0.6009852216748769,
2,20,template:hybrid,oracle,0.6959876543209877,
2,40,hand-written,tagger,0.7437169312169313,0.9216328312595503
2,40,generated,tagger,0.8029606942317509,0.9627921279212792
2,40,template:modern,tagger,0.7585318737926594,0.9355692850838482
2,40,template:modern,rules,0.5096153846153847,
2,40,template:modern,oracle,0.7572440437862202,
2,40,template:latex,tagger,0.7368421052631577,0.9666064981949458
2,40,template:latex,rules,0.7379612257661037,
2,40,template:latex,oracle,0.7379612257661037,
2,40,template:career_center,tagger,0.8012698412698414,0.9395393474088292
2,40,template:career_center,rules,0.7815942968243683,
2,40,template:career_center,oracle,0.8080808080808081,
2,40,template:hybrid,tagger,0.6661631419939578,0.8567026194144838
2,40,template:hybrid,rules,0.6009852216748769,
2,40,template:hybrid,oracle,0.6959876543209877,
