template,parser,format,layout,single_column_status,status,count
career_center,layout_aware,pdf,two_column,PASS,REVIEW,9
career_center,layout_aware,pdf,two_column,REJECT,REVIEW,20
career_center,naive,pdf,table,PASS,REVIEW,9
career_center,naive,pdf,table,REJECT,REVIEW,34
career_center,naive,pdf,two_column,PASS,REJECT,6
career_center,naive,pdf,two_column,PASS,REVIEW,3
career_center,naive,pdf,two_column,REJECT,REVIEW,14
classic,naive,pdf,table,PASS,REVIEW,9
classic,naive,pdf,table,REJECT,REVIEW,34
classic,naive,pdf,two_column,PASS,REVIEW,1
classic,naive,pdf,two_column,REJECT,REVIEW,8
latex,layout_aware,pdf,two_column,PASS,REJECT,5
latex,layout_aware,pdf,two_column,PASS,REVIEW,4
latex,layout_aware,pdf,two_column,REJECT,REVIEW,5
latex,layout_aware,pdf,two_column,REVIEW,REJECT,1
latex,naive,pdf,table,PASS,REVIEW,9
latex,naive,pdf,table,REJECT,REVIEW,34
latex,naive,pdf,two_column,PASS,REJECT,8
latex,naive,pdf,two_column,PASS,REVIEW,1
latex,naive,pdf,two_column,REJECT,REVIEW,1
latex,naive,pdf,two_column,REVIEW,REJECT,1
modern,naive,pdf,table,REJECT,REVIEW,14
modern,naive,pdf,textbox,REJECT,REVIEW,11
modern,naive,pdf,two_column,REVIEW,REJECT,4
