,,,single,two_column,table,textbox
classic,pdf,name,1.0,1.0,1.0,0.0
classic,pdf,email,1.0,1.0,1.0,1.0
classic,pdf,phone,1.0,1.0,1.0,1.0
classic,pdf,degree_level,1.0,0.896551724137931,0.0,1.0
classic,pdf,field_of_study,1.0,0.896551724137931,0.0,1.0
classic,pdf,school,1.0,0.8275862068965517,0.0,1.0
classic,pdf,grad_date,1.0,0.7586206896551724,0.0,1.0
classic,pdf,gpa,1.0,1.0,1.0,1.0
classic,pdf,skills,1.0,0.38666666666666666,0.0,0.0
classic,pdf,experience,1.0,0.0,0.0,0.8148148148148148
classic,docx,name,1.0,1.0,1.0,1.0
classic,docx,email,1.0,1.0,1.0,0.0
classic,docx,phone,1.0,1.0,1.0,0.0
classic,docx,degree_level,1.0,1.0,1.0,1.0
classic,docx,field_of_study,1.0,1.0,1.0,1.0
classic,docx,school,1.0,1.0,1.0,1.0
classic,docx,grad_date,1.0,1.0,1.0,1.0
classic,docx,gpa,1.0,1.0,1.0,1.0
classic,docx,skills,1.0,1.0,1.0,0.0
classic,docx,experience,1.0,1.0,1.0,1.0
modern,pdf,name,1.0,1.0,1.0,0.0
modern,pdf,email,1.0,1.0,1.0,1.0
modern,pdf,phone,1.0,1.0,1.0,1.0
modern,pdf,degree_level,1.0,1.0,0.0,0.2222222222222222
modern,pdf,field_of_study,0.0,0.0,0.0,0.0
modern,pdf,school,0.75,0.25,0.0,0.1111111111111111
modern,pdf,grad_date,1.0,0.8125,0.0,0.2222222222222222
modern,pdf,gpa,1.0,1.0,1.0,1.0
modern,pdf,skills,0.0,0.0,0.0,0.0
modern,pdf,experience,0.0,0.0,0.0,0.0
modern,docx,name,1.0,1.0,1.0,1.0
modern,docx,email,1.0,1.0,1.0,0.0
modern,docx,phone,1.0,1.0,1.0,0.0
modern,docx,degree_level,1.0,1.0,1.0,1.0
modern,docx,field_of_study,0.0,0.0,0.0,0.0
modern,docx,school,0.75,0.75,0.75,0.75
modern,docx,grad_date,1.0,1.0,1.0,1.0
modern,docx,gpa,1.0,1.0,1.0,1.0
modern,docx,skills,0.0,0.0,0.0,0.0
modern,docx,experience,0.0,0.0,0.0,0.0
latex,pdf,name,1.0,1.0,1.0,0.0
latex,pdf,email,1.0,1.0,1.0,1.0
latex,pdf,phone,1.0,1.0,1.0,1.0
latex,pdf,degree_level,1.0,1.0,0.0,1.0
latex,pdf,field_of_study,0.0,0.0,0.0,0.0
latex,pdf,school,0.75,0.1875,0.0,0.75
latex,pdf,grad_date,1.0,0.8125,0.0,1.0
latex,pdf,gpa,1.0,1.0,1.0,1.0
latex,pdf,skills,0.8401826484018265,0.7488986784140969,0.0,0.43373493975903615
latex,pdf,experience,0.0,0.0,0.0,0.0
latex,docx,name,1.0,1.0,1.0,1.0
latex,docx,email,1.0,1.0,1.0,0.0
latex,docx,phone,1.0,1.0,1.0,0.0
latex,docx,degree_level,1.0,1.0,1.0,1.0
latex,docx,field_of_study,0.0,0.0,0.0,0.0
latex,docx,school,0.75,0.75,0.75,0.75
latex,docx,grad_date,1.0,1.0,1.0,1.0
latex,docx,gpa,1.0,1.0,1.0,1.0
latex,docx,skills,0.8401826484018265,0.8401826484018265,0.8401826484018265,0.0
latex,docx,experience,0.0,0.0,0.0,0.0
career_center,pdf,name,1.0,1.0,1.0,0.0
career_center,pdf,email,1.0,1.0,1.0,1.0
career_center,pdf,phone,1.0,1.0,1.0,1.0
career_center,pdf,degree_level,1.0,1.0,0.0,1.0
career_center,pdf,field_of_study,0.9375,0.0,0.0,0.9375
career_center,pdf,school,0.0,0.0,0.0,0.0
career_center,pdf,grad_date,1.0,0.4375,0.0,1.0
career_center,pdf,gpa,1.0,0.846153846153846,1.0,1.0
career_center,pdf,skills,0.9145299145299145,0.8347107438016529,0.0,0.5095057034220533
career_center,pdf,experience,0.0,0.0,0.0,0.0
career_center,docx,name,1.0,1.0,1.0,1.0
career_center,docx,email,1.0,1.0,1.0,0.0
career_center,docx,phone,1.0,1.0,1.0,0.0
career_center,docx,degree_level,1.0,1.0,1.0,1.0
career_center,docx,field_of_study,0.9375,0.9375,0.9375,0.9375
career_center,docx,school,0.0,0.0,0.0,0.0
career_center,docx,grad_date,1.0,1.0,1.0,1.0
career_center,docx,gpa,1.0,1.0,1.0,1.0
career_center,docx,skills,0.9145299145299145,0.9145299145299145,0.9145299145299145,0.0
career_center,docx,experience,0.0,0.0,0.0,0.0
hybrid,pdf,name,1.0,1.0,1.0,0.0
hybrid,pdf,email,1.0,1.0,1.0,1.0
hybrid,pdf,phone,1.0,1.0,1.0,1.0
hybrid,pdf,degree_level,0.0,0.0,0.0,0.0
hybrid,pdf,field_of_study,0.0,0.0,0.0,0.0
hybrid,pdf,school,0.0,0.0,0.0,0.0
hybrid,pdf,grad_date,0.0,0.0,0.0,0.0
hybrid,pdf,gpa,1.0,0.888888888888889,1.0,1.0
hybrid,pdf,skills,0.0,0.0,0.0,0.0
hybrid,pdf,experience,0.0,0.0,0.0,0.0
hybrid,docx,name,1.0,1.0,1.0,1.0
hybrid,docx,email,1.0,1.0,1.0,0.0
hybrid,docx,phone,1.0,1.0,1.0,0.0
hybrid,docx,degree_level,0.0,0.0,0.0,0.0
hybrid,docx,field_of_study,0.0,0.0,0.0,0.0
hybrid,docx,school,0.0,0.0,0.0,0.0
hybrid,docx,grad_date,0.0,0.0,0.0,0.0
hybrid,docx,gpa,1.0,1.0,1.0,1.0
hybrid,docx,skills,1.0,0.7557251908396946,1.0,0.0
hybrid,docx,experience,0.0,0.0,0.0,0.0
