template,parser,format,layout,pairs,flips_review_policy,flips_reject_policy,newly_rejected_reject_policy,newly_passed_reject_policy,mean_keyword_change
classic,layout_aware,docx,single,48,0,0,0,0,0.0
classic,layout_aware,docx,table,48,0,0,0,0,0.0
classic,layout_aware,docx,textbox,48,0,0,0,0,0.0
classic,layout_aware,docx,two_column,48,0,0,0,0,0.0
classic,layout_aware,pdf,single,48,0,0,0,0,0.0
classic,layout_aware,pdf,table,48,0,0,0,0,0.0
classic,layout_aware,pdf,textbox,48,0,0,0,0,0.0
classic,layout_aware,pdf,two_column,48,0,0,0,0,0.0
classic,naive,docx,single,48,0,0,0,0,0.0
classic,naive,docx,table,48,0,0,0,0,0.0
classic,naive,docx,textbox,48,0,0,0,0,-0.026488095238095238
classic,naive,docx,two_column,48,0,0,0,0,0.0
classic,naive,pdf,single,48,0,0,0,0,0.0
classic,naive,pdf,table,48,43,9,9,0,0.0
classic,naive,pdf,textbox,48,0,0,0,0,-0.003497023809523811
classic,naive,pdf,two_column,48,9,1,1,0,-0.003497023809523811
modern,layout_aware,docx,single,48,0,0,0,0,0.0
modern,layout_aware,docx,table,48,0,0,0,0,0.0
modern,layout_aware,docx,textbox,48,0,0,0,0,0.0
modern,layout_aware,docx,two_column,48,0,0,0,0,0.0
modern,layout_aware,pdf,single,48,0,0,0,0,0.0
modern,layout_aware,pdf,table,48,0,0,0,0,0.0
modern,layout_aware,pdf,textbox,48,0,0,0,0,0.0
modern,layout_aware,pdf,two_column,48,0,0,0,0,0.0
modern,naive,docx,single,48,0,0,0,0,0.0
modern,naive,docx,table,48,0,0,0,0,0.0
modern,naive,docx,textbox,48,0,0,0,0,-0.019940476190476192
modern,naive,docx,two_column,48,0,0,0,0,0.0
modern,naive,pdf,single,48,0,0,0,0,0.0
modern,naive,pdf,table,48,14,0,0,0,0.0
modern,naive,pdf,textbox,48,11,0,0,0,-0.003497023809523811
modern,naive,pdf,two_column,48,4,0,0,0,-0.0005208333333333338
