job,scorer,persona,edit,base_score,edited_score,base_rank,edited_rank,abs_rank_change,top_k_flip
mechanical_design,keyword,p01,verb_swap,0.07142857142857142,0.07142857142857142,22,22,0,False
mechanical_design,keyword,p01,reorder_bullets,0.07142857142857142,0.07142857142857142,22,22,0,False
mechanical_design,keyword,p01,date_format,0.07142857142857142,0.07142857142857142,22,22,0,False
mechanical_design,keyword,p01,add_teamwork_bullet,0.07142857142857142,0.07142857142857142,22,22,0,False
mechanical_design,keyword,p01,all_edits,0.07142857142857142,0.07142857142857142,22,22,0,False
mechanical_design,keyword,p02,verb_swap,0.07142857142857142,0.07142857142857142,22,22,0,False
mechanical_design,keyword,p02,reorder_bullets,0.07142857142857142,0.07142857142857142,22,22,0,False
mechanical_design,keyword,p02,date_format,0.07142857142857142,0.07142857142857142,22,22,0,False
mechanical_design,keyword,p02,add_teamwork_bullet,0.07142857142857142,0.07142857142857142,22,22,0,False
mechanical_design,keyword,p02,all_edits,0.07142857142857142,0.07142857142857142,22,22,0,False
mechanical_design,keyword,p03,verb_swap,0.07142857142857142,0.07142857142857142,22,22,0,False
mechanical_design,keyword,p03,reorder_bullets,0.07142857142857142,0.07142857142857142,22,22,0,False
mechanical_design,keyword,p03,date_format,0.07142857142857142,0.07142857142857142,22,22,0,False
mechanical_design,keyword,p03,add_teamwork_bullet,0.07142857142857142,0.07142857142857142,22,22,0,False
mechanical_design,keyword,p03,all_edits,0.07142857142857142,0.07142857142857142,22,22,0,False
mechanical_design,keyword,p04,verb_swap,0.07142857142857142,0.07142857142857142,22,22,0,False
mechanical_design,keyword,p04,reorder_bullets,0.07142857142857142,0.07142857142857142,22,22,0,False
mechanical_design,keyword,p04,date_format,0.07142857142857142,0.07142857142857142,22,22,0,False
mechanical_design,keyword,p04,add_teamwork_bullet,0.07142857142857142,0.07142857142857142,22,22,0,False
mechanical_design,keyword,p04,all_edits,0.07142857142857142,0.07142857142857142,22,22,0,False
mechanical_design,keyword,p05,verb_swap,0.07142857142857142,0.07142857142857142,22,22,0,False
mechanical_design,keyword,p05,reorder_bullets,0.07142857142857142,0.07142857142857142,22,22,0,False
mechanical_design,keyword,p05,date_format,0.07142857142857142,0.07142857142857142,22,22,0,False
mechanical_design,keyword,p05,add_teamwork_bullet,0.07142857142857142,0.07142857142857142,22,22,0,False
mechanical_design,keyword,p05,all_edits,0.07142857142857142,0.07142857142857142,22,22,0,False
mechanical_design,keyword,p06,verb_swap,0.0,0.0,52,52,0,False
mechanical_design,keyword,p06,reorder_bullets,0.0,0.0,52,52,0,False
mechanical_design,keyword,p06,date_format,0.0,0.0,52,52,0,False
mechanical_design,keyword,p06,add_teamwork_bullet,0.0,0.0,52,52,0,False
mechanical_design,keyword,p06,all_edits,0.0,0.0,52,52,0,False
mechanical_design,keyword,p07,verb_swap,0.07142857142857142,0.07142857142857142,22,22,0,False
mechanical_design,keyword,p07,reorder_bullets,0.07142857142857142,0.07142857142857142,22,22,0,False
mechanical_design,keyword,p07,date_format,0.07142857142857142,0.07142857142857142,22,22,0,False
mechanical_design,keyword,p07,add_teamwork_bullet,0.07142857142857142,0.07142857142857142,22,22,0,False
mechanical_design,keyword,p07,all_edits,0.07142857142857142,0.07142857142857142,22,22,0,False
mechanical_design,keyword,p08,verb_swap,0.07142857142857142,0.07142857142857142,22,22,0,False
mechanical_design,keyword,p08,reorder_bullets,0.07142857142857142,0.07142857142857142,22,22,0,False
mechanical_design,keyword,p08,date_format,0.07142857142857142,0.07142857142857142,22,22,0,False
mechanical_design,keyword,p08,add_teamwork_bullet,0.07142857142857142,0.07142857142857142,22,22,0,False
mechanical_design,keyword,p08,all_edits,0.07142857142857142,0.07142857142857142,22,22,0,False
mechanical_design,keyword,p09,verb_swap,0.07142857142857142,0.07142857142857142,22,22,0,False
mechanical_design,keyword,p09,reorder_bullets,0.07142857142857142,0.07142857142857142,22,22,0,False
mechanical_design,keyword,p09,date_format,0.07142857142857142,0.07142857142857142,22,22,0,False
mechanical_design,keyword,p09,add_teamwork_bullet,0.07142857142857142,0.07142857142857142,22,22,0,False
mechanical_design,keyword,p09,all_edits,0.07142857142857142,0.07142857142857142,22,22,0,False
mechanical_design,keyword,p10,verb_swap,0.0,0.0,52,52,0,False
mechanical_design,keyword,p10,reorder_bullets,0.0,0.0,52,52,0,False
mechanical_design,keyword,p10,date_format,0.0,0.0,52,52,0,False
mechanical_design,keyword,p10,add_teamwork_bullet,0.0,0.0,52,52,0,False
mechanical_design,keyword,p10,all_edits,0.0,0.0,52,52,0,False
mechanical_design,keyword,p11,verb_swap,0.07142857142857142,0.07142857142857142,22,22,0,False
mechanical_design,keyword,p11,reorder_bullets,0.07142857142857142,0.07142857142857142,22,22,0,False
mechanical_design,keyword,p11,date_format,0.07142857142857142,0.07142857142857142,22,22,0,False
mechanical_design,keyword,p11,add_teamwork_bullet,0.07142857142857142,0.07142857142857142,22,22,0,False
mechanical_design,keyword,p11,all_edits,0.07142857142857142,0.07142857142857142,22,22,0,False
mechanical_design,keyword,p12,verb_swap,0.8214285714285714,0.8214285714285714,1,1,0,False
mechanical_design,keyword,p12,reorder_bullets,0.8214285714285714,0.8214285714285714,1,1,0,False
mechanical_design,keyword,p12,date_format,0.8214285714285714,0.8214285714285714,1,1,0,False
mechanical_design,keyword,p12,add_teamwork_bullet,0.8214285714285714,0.8214285714285714,1,1,0,False
mechanical_design,keyword,p12,all_edits,0.8214285714285714,0.8214285714285714,1,1,0,False
mechanical_design,keyword,p13,verb_swap,0.2857142857142857,0.2857142857142857,8,8,0,False
mechanical_design,keyword,p13,reorder_bullets,0.2857142857142857,0.2857142857142857,8,8,0,False
mechanical_design,keyword,p13,date_format,0.2857142857142857,0.2857142857142857,8,8,0,False
mechanical_design,keyword,p13,add_teamwork_bullet,0.2857142857142857,0.2857142857142857,8,8,0,False
mechanical_design,keyword,p13,all_edits,0.2857142857142857,0.2857142857142857,8,8,0,False
mechanical_design,keyword,p14,verb_swap,0.35714285714285715,0.35714285714285715,5,5,0,False
mechanical_design,keyword,p14,reorder_bullets,0.35714285714285715,0.35714285714285715,5,5,0,False
mechanical_design,keyword,p14,date_format,0.35714285714285715,0.35714285714285715,5,5,0,False
mechanical_design,keyword,p14,add_teamwork_bullet,0.35714285714285715,0.35714285714285715,5,5,0,False
mechanical_design,keyword,p14,all_edits,0.35714285714285715,0.35714285714285715,5,5,0,False
mechanical_design,keyword,p15,verb_swap,0.14285714285714285,0.14285714285714285,15,15,0,False
mechanical_design,keyword,p15,reorder_bullets,0.14285714285714285,0.14285714285714285,15,15,0,False
mechanical_design,keyword,p15,date_format,0.14285714285714285,0.14285714285714285,15,15,0,False
mechanical_design,keyword,p15,add_teamwork_bullet,0.14285714285714285,0.14285714285714285,15,15,0,False
mechanical_design,keyword,p15,all_edits,0.14285714285714285,0.14285714285714285,15,15,0,False
mechanical_design,keyword,p16,verb_swap,0.07142857142857142,0.07142857142857142,22,22,0,False
mechanical_design,keyword,p16,reorder_bullets,0.07142857142857142,0.07142857142857142,22,22,0,False
mechanical_design,keyword,p16,date_format,0.07142857142857142,0.07142857142857142,22,22,0,False
mechanical_design,keyword,p16,add_teamwork_bullet,0.07142857142857142,0.07142857142857142,22,22,0,False
mechanical_design,keyword,p16,all_edits,0.07142857142857142,0.07142857142857142,22,22,0,False
mechanical_design,tfidf,p01,verb_swap,0.01301820194198705,0.013295138403675119,83,82,1,False
mechanical_design,tfidf,p01,reorder_bullets,0.01301820194198705,0.013125349987708375,83,82,1,False
mechanical_design,tfidf,p01,date_format,0.01301820194198705,0.013165818045709276,83,82,1,False
mechanical_design,tfidf,p01,add_teamwork_bullet,0.01301820194198705,0.012526223041160578,83,89,6,False
mechanical_design,tfidf,p01,all_edits,0.01301820194198705,0.012963610757417726,83,83,0,False
mechanical_design,tfidf,p02,verb_swap,0.010611429542682304,0.01070385584083172,101,99,2,False
mechanical_design,tfidf,p02,reorder_bullets,0.010611429542682304,0.010673357579603304,101,99,2,False
mechanical_design,tfidf,p02,date_format,0.010611429542682304,0.010837122416234277,101,99,2,False
mechanical_design,tfidf,p02,add_teamwork_bullet,0.010611429542682304,0.010175239016219523,101,107,6,False
mechanical_design,tfidf,p02,all_edits,0.010611429542682304,0.010460017906002721,101,103,2,False
mechanical_design,tfidf,p03,verb_swap,0.008288511322310121,0.008421809443299283,133,133,0,False
mechanical_design,tfidf,p03,reorder_bullets,0.008288511322310121,0.008334128434251636,133,133,0,False
mechanical_design,tfidf,p03,date_format,0.008288511322310121,0.008466645396513596,133,133,0,False
mechanical_design,tfidf,p03,add_teamwork_bullet,0.008288511322310121,0.007965939460878932,133,137,4,False
mechanical_design,tfidf,p03,all_edits,0.008288511322310121,0.008249066903101874,133,133,0,False
mechanical_design,tfidf,p04,verb_swap,0.017067168829379028,0.01733427708687268,54,53,1,False
mechanical_design,tfidf,p04,reorder_bullets,0.017067168829379028,0.017174024968108614,54,54,0,False
mechanical_design,tfidf,p04,date_format,0.017067168829379028,0.01735839443345647,54,53,1,False
mechanical_design,tfidf,p04,add_teamwork_bullet,0.017067168829379028,0.016318286837183633,54,57,3,False
mechanical_design,tfidf,p04,all_edits,0.017067168829379028,0.01681648353660432,54,54,0,False
mechanical_design,tfidf,p05,verb_swap,0.018537705628081887,0.01877442051871341,46,46,0,False
mechanical_design,tfidf,p05,reorder_bullets,0.018537705628081887,0.01865933904007682,46,46,0,False
mechanical_design,tfidf,p05,date_format,0.018537705628081887,0.01885481467022669,46,46,0,False
mechanical_design,tfidf,p05,add_teamwork_bullet,0.018537705628081887,0.017688258431626535,46,51,5,False
mechanical_design,tfidf,p05,all_edits,0.018537705628081887,0.018178232998451633,46,48,2,False
mechanical_design,tfidf,p06,verb_swap,0.001987976705885808,0.002020184178972929,195,195,0,False
mechanical_design,tfidf,p06,reorder_bullets,0.001987976705885808,0.0019999166553598064,195,195,0,False
mechanical_design,tfidf,p06,date_format,0.001987976705885808,0.0020116838986126806,195,195,0,False
mechanical_design,tfidf,p06,add_teamwork_bullet,0.001987976705885808,0.0019040463191843113,195,196,1,False
mechanical_design,tfidf,p06,all_edits,0.001987976705885808,0.001954035842279899,195,196,1,False
mechanical_design,tfidf,p07,verb_swap,0.014901984267497358,0.015117456036226816,70,69,1,False
mechanical_design,tfidf,p07,reorder_bullets,0.014901984267497358,0.014968408957015114,70,70,0,False
mechanical_design,tfidf,p07,date_format,0.014901984267497358,0.015107815863830743,70,69,1,False
mechanical_design,tfidf,p07,add_teamwork_bullet,0.014901984267497358,0.01432034086051065,70,73,3,False
mechanical_design,tfidf,p07,all_edits,0.014901984267497358,0.014701092293593256,70,70,0,False
mechanical_design,tfidf,p08,verb_swap,0.015962012539367586,0.01626768763103953,61,58,3,False
mechanical_design,tfidf,p08,reorder_bullets,0.015962012539367586,0.016039259154758408,61,60,1,False
mechanical_design,tfidf,p08,date_format,0.015962012539367586,0.01622042849514097,61,58,3,False
mechanical_design,tfidf,p08,add_teamwork_bullet,0.015962012539367586,0.015333244079002491,61,67,6,False
mechanical_design,tfidf,p08,all_edits,0.015962012539367586,0.015844731803732554,61,61,0,False
mechanical_design,tfidf,p09,verb_swap,0.01526441727034184,0.015421132372768171,68,68,0,False
mechanical_design,tfidf,p09,reorder_bullets,0.01526441727034184,0.01530853720539987,68,68,0,False
mechanical_design,tfidf,p09,date_format,0.01526441727034184,0.015518630089144092,68,66,2,False
mechanical_design,tfidf,p09,add_teamwork_bullet,0.01526441727034184,0.01463996736436929,68,70,2,False
mechanical_design,tfidf,p09,all_edits,0.01526441727034184,0.015008370960440252,68,69,1,False
mechanical_design,tfidf,p10,verb_swap,0.003943731210161033,0.004009625582201496,174,174,0,False
mechanical_design,tfidf,p10,reorder_bullets,0.003943731210161033,0.003968350785847372,174,174,0,False
mechanical_design,tfidf,p10,date_format,0.003943731210161033,0.004018207138678108,174,174,0,False
mechanical_design,tfidf,p10,add_teamwork_bullet,0.003943731210161033,0.003771152427238662,174,175,1,False
mechanical_design,tfidf,p10,all_edits,0.003943731210161033,0.0038966779143194538,174,174,0,False
mechanical_design,tfidf,p11,verb_swap,0.01099879145898822,0.011045665578331027,98,98,0,False
mechanical_design,tfidf,p11,reorder_bullets,0.01099879145898822,0.011049334585380845,98,98,0,False
mechanical_design,tfidf,p11,date_format,0.01099879145898822,0.011297393332611249,98,97,1,False
mechanical_design,tfidf,p11,add_teamwork_bullet,0.01099879145898822,0.01055708900711687,98,102,4,False
mechanical_design,tfidf,p11,all_edits,0.01099879145898822,0.01086491010676764,98,98,0,False
mechanical_design,tfidf,p12,verb_swap,0.22103070344225512,0.22237731168484787,1,1,0,False
mechanical_design,tfidf,p12,reorder_bullets,0.22103070344225512,0.22212228995407224,1,1,0,False
mechanical_design,tfidf,p12,date_format,0.22103070344225512,0.2231946844401247,1,1,0,False
mechanical_design,tfidf,p12,add_teamwork_bullet,0.22103070344225512,0.21215730086557463,1,1,0,False
mechanical_design,tfidf,p12,all_edits,0.22103070344225512,0.21529140158477278,1,1,0,False
mechanical_design,tfidf,p13,verb_swap,0.09823859066359762,0.09965986468217229,2,2,0,False
mechanical_design,tfidf,p13,reorder_bullets,0.09823859066359762,0.09879830143612553,2,2,0,False
mechanical_design,tfidf,p13,date_format,0.09823859066359762,0.10010686576066141,2,2,0,False
mechanical_design,tfidf,p13,add_teamwork_bullet,0.09823859066359762,0.0942897985375667,2,2,0,False
mechanical_design,tfidf,p13,all_edits,0.09823859066359762,0.09726039772305455,2,2,0,False
mechanical_design,tfidf,p14,verb_swap,0.0889664116405756,0.08889731092435624,3,3,0,False
mechanical_design,tfidf,p14,reorder_bullets,0.0889664116405756,0.08943641751184926,3,3,0,False
mechanical_design,tfidf,p14,date_format,0.0889664116405756,0.09032675943603267,3,3,0,False
mechanical_design,tfidf,p14,add_teamwork_bullet,0.0889664116405756,0.0856341292793595,3,3,0,False
mechanical_design,tfidf,p14,all_edits,0.0889664116405756,0.0867809429727537,3,3,0,False
mechanical_design,tfidf,p15,verb_swap,0.0306364146128611,0.030911783157290956,25,25,0,False
mechanical_design,tfidf,p15,reorder_bullets,0.0306364146128611,0.030828079938555533,25,25,0,False
mechanical_design,tfidf,p15,date_format,0.0306364146128611,0.030876284889711347,25,25,0,False
mechanical_design,tfidf,p15,add_teamwork_bullet,0.0306364146128611,0.029293087105125015,25,29,4,False
mechanical_design,tfidf,p15,all_edits,0.0306364146128611,0.029748226589558526,25,29,4,False
mechanical_design,tfidf,p16,verb_swap,0.014478374773201694,0.01465311735956146,72,71,1,False
mechanical_design,tfidf,p16,reorder_bullets,0.014478374773201694,0.014569785720547903,72,71,1,False
mechanical_design,tfidf,p16,date_format,0.014478374773201694,0.01473812285492141,72,71,1,False
mechanical_design,tfidf,p16,add_teamwork_bullet,0.014478374773201694,0.01381456002842779,72,78,6,False
mechanical_design,tfidf,p16,all_edits,0.014478374773201694,0.014198809159801299,72,74,2,False
mechanical_design,embedding,p01,verb_swap,0.3269200623035431,0.3225085139274597,178,179,1,False
mechanical_design,embedding,p01,reorder_bullets,0.3269200623035431,0.3269200921058655,178,178,0,False
mechanical_design,embedding,p01,date_format,0.3269200623035431,0.32232221961021423,178,179,1,False
mechanical_design,embedding,p01,add_teamwork_bullet,0.3269200623035431,0.3504292368888855,178,173,5,False
mechanical_design,embedding,p01,all_edits,0.3269200623035431,0.34242022037506104,178,178,0,False
mechanical_design,embedding,p02,verb_swap,0.3763442933559418,0.3763183355331421,148,148,0,False
mechanical_design,embedding,p02,reorder_bullets,0.3763442933559418,0.3763442933559418,148,148,0,False
mechanical_design,embedding,p02,date_format,0.3763442933559418,0.3833962678909302,148,139,9,False
mechanical_design,embedding,p02,add_teamwork_bullet,0.3763442933559418,0.3999795615673065,148,122,26,False
mechanical_design,embedding,p02,all_edits,0.3763442933559418,0.4067438244819641,148,119,29,False
mechanical_design,embedding,p03,verb_swap,0.4747743010520935,0.4748929738998413,65,65,0,False
mechanical_design,embedding,p03,reorder_bullets,0.4747743010520935,0.4747743010520935,65,65,0,False
mechanical_design,embedding,p03,date_format,0.4747743010520935,0.47334712743759155,65,65,0,False
mechanical_design,embedding,p03,add_teamwork_bullet,0.4747743010520935,0.4898820221424103,65,57,8,False
mechanical_design,embedding,p03,all_edits,0.4747743010520935,0.4883720278739929,65,59,6,False
mechanical_design,embedding,p04,verb_swap,0.3580472469329834,0.3707372844219208,166,156,10,False
mechanical_design,embedding,p04,reorder_bullets,0.3580472469329834,0.3580472469329834,166,166,0,False
mechanical_design,embedding,p04,date_format,0.3580472469329834,0.35211873054504395,166,172,6,False
mechanical_design,embedding,p04,add_teamwork_bullet,0.3580472469329834,0.3809494376182556,166,140,26,False
mechanical_design,embedding,p04,all_edits,0.3580472469329834,0.38832277059555054,166,133,33,False
mechanical_design,embedding,p05,verb_swap,0.35533803701400757,0.3506864309310913,169,172,3,False
mechanical_design,embedding,p05,reorder_bullets,0.35533803701400757,0.35533803701400757,169,169,0,False
mechanical_design,embedding,p05,date_format,0.35533803701400757,0.3543611168861389,169,171,2,False
mechanical_design,embedding,p05,add_teamwork_bullet,0.35533803701400757,0.38187235593795776,169,139,30,False
mechanical_design,embedding,p05,all_edits,0.35533803701400757,0.37741172313690186,169,143,26,False
mechanical_design,embedding,p06,verb_swap,0.24644149839878082,0.23126959800720215,200,200,0,False
mechanical_design,embedding,p06,reorder_bullets,0.24644149839878082,0.24644151329994202,200,200,0,False
mechanical_design,embedding,p06,date_format,0.24644149839878082,0.2376202940940857,200,200,0,False
mechanical_design,embedding,p06,add_teamwork_bullet,0.24644149839878082,0.2809387445449829,200,194,6,False
mechanical_design,embedding,p06,all_edits,0.24644149839878082,0.2594084143638611,200,199,1,False
mechanical_design,embedding,p07,verb_swap,0.46436694264411926,0.4548036456108093,72,77,5,False
mechanical_design,embedding,p07,reorder_bullets,0.46436694264411926,0.46436694264411926,72,72,0,False
mechanical_design,embedding,p07,date_format,0.46436694264411926,0.4596020579338074,72,75,3,False
mechanical_design,embedding,p07,add_teamwork_bullet,0.46436694264411926,0.4773362874984741,72,63,9,False
mechanical_design,embedding,p07,all_edits,0.46436694264411926,0.46447718143463135,72,72,0,False
mechanical_design,embedding,p08,verb_swap,0.4348418712615967,0.43179699778556824,99,100,1,False
mechanical_design,embedding,p08,reorder_bullets,0.4348418712615967,0.4348418712615967,99,99,0,False
mechanical_design,embedding,p08,date_format,0.4348418712615967,0.43433237075805664,99,99,0,False
mechanical_design,embedding,p08,add_teamwork_bullet,0.4348418712615967,0.45522797107696533,99,78,21,False
mechanical_design,embedding,p08,all_edits,0.4348418712615967,0.4512523412704468,99,83,16,False
mechanical_design,embedding,p09,verb_swap,0.4476364850997925,0.44625717401504517,85,86,1,False
mechanical_design,embedding,p09,reorder_bullets,0.4476364850997925,0.4476364850997925,85,85,0,False
mechanical_design,embedding,p09,date_format,0.4476364850997925,0.44806262850761414,85,85,0,False
mechanical_design,embedding,p09,add_teamwork_bullet,0.4476364850997925,0.46744924783706665,85,68,17,False
mechanical_design,embedding,p09,all_edits,0.4476364850997925,0.4671684503555298,85,68,17,False
mechanical_design,embedding,p10,verb_swap,0.3439069986343384,0.35224980115890503,175,173,2,False
mechanical_design,embedding,p10,reorder_bullets,0.3439069986343384,0.3439069986343384,175,175,0,False
mechanical_design,embedding,p10,date_format,0.3439069986343384,0.3440813422203064,175,175,0,False
mechanical_design,embedding,p10,add_teamwork_bullet,0.3439069986343384,0.3712310791015625,175,156,19,False
mechanical_design,embedding,p10,all_edits,0.3439069986343384,0.37862518429756165,175,141,34,False
mechanical_design,embedding,p11,verb_swap,0.4169946014881134,0.4071348309516907,113,118,5,False
mechanical_design,embedding,p11,reorder_bullets,0.4169946014881134,0.4169946312904358,113,113,0,False
mechanical_design,embedding,p11,date_format,0.4169946014881134,0.41996103525161743,113,110,3,False
mechanical_design,embedding,p11,add_teamwork_bullet,0.4169946014881134,0.4339991807937622,113,100,13,False
mechanical_design,embedding,p11,all_edits,0.4169946014881134,0.4272620677947998,113,103,10,False
mechanical_design,embedding,p12,verb_swap,0.7815427780151367,0.7771201133728027,1,1,0,False
mechanical_design,embedding,p12,reorder_bullets,0.7815427780151367,0.7815428376197815,1,1,0,False
mechanical_design,embedding,p12,date_format,0.7815427780151367,0.7770839929580688,1,1,0,False
mechanical_design,embedding,p12,add_teamwork_bullet,0.7815427780151367,0.7787309885025024,1,1,0,False
mechanical_design,embedding,p12,all_edits,0.7815427780151367,0.770407497882843,1,1,0,False
mechanical_design,embedding,p13,verb_swap,0.6939512491226196,0.6962904334068298,3,3,0,False
mechanical_design,embedding,p13,reorder_bullets,0.6939512491226196,0.6939512491226196,3,3,0,False
mechanical_design,embedding,p13,date_format,0.6939512491226196,0.6995696425437927,3,3,0,False
mechanical_design,embedding,p13,add_teamwork_bullet,0.6939512491226196,0.6934054493904114,3,3,0,False
mechanical_design,embedding,p13,all_edits,0.6939512491226196,0.7016505002975464,3,2,1,False
mechanical_design,embedding,p14,verb_swap,0.6675905585289001,0.6519230604171753,9,14,5,False
mechanical_design,embedding,p14,reorder_bullets,0.6675905585289001,0.6675905585289001,9,9,0,False
mechanical_design,embedding,p14,date_format,0.6675905585289001,0.6703805923461914,9,9,0,False
mechanical_design,embedding,p14,add_teamwork_bullet,0.6675905585289001,0.6678057312965393,9,9,0,False
mechanical_design,embedding,p14,all_edits,0.6675905585289001,0.6551649570465088,9,13,4,False
mechanical_design,embedding,p15,verb_swap,0.5090900659561157,0.5000907182693481,44,49,5,False
mechanical_design,embedding,p15,reorder_bullets,0.5090900659561157,0.5090900659561157,44,44,0,False
mechanical_design,embedding,p15,date_format,0.5090900659561157,0.512061357498169,44,43,1,False
mechanical_design,embedding,p15,add_teamwork_bullet,0.5090900659561157,0.524774968624115,44,39,5,False
mechanical_design,embedding,p15,all_edits,0.5090900659561157,0.5184698104858398,44,42,2,False
mechanical_design,embedding,p16,verb_swap,0.4905903935432434,0.49438706040382385,56,53,3,False
mechanical_design,embedding,p16,reorder_bullets,0.4905903935432434,0.4905903935432434,56,56,0,False
mechanical_design,embedding,p16,date_format,0.4905903935432434,0.4833948314189911,56,58,2,False
mechanical_design,embedding,p16,add_teamwork_bullet,0.4905903935432434,0.498212605714798,56,50,6,False
mechanical_design,embedding,p16,all_edits,0.4905903935432434,0.4959383010864258,56,52,4,False
ml_intern,keyword,p01,verb_swap,0.8571428571428571,0.8571428571428571,1,1,0,False
ml_intern,keyword,p01,reorder_bullets,0.8571428571428571,0.8571428571428571,1,1,0,False
ml_intern,keyword,p01,date_format,0.8571428571428571,0.8571428571428571,1,1,0,False
ml_intern,keyword,p01,add_teamwork_bullet,0.8571428571428571,0.8571428571428571,1,1,0,False
ml_intern,keyword,p01,all_edits,0.8571428571428571,0.8571428571428571,1,1,0,False
ml_intern,keyword,p02,verb_swap,0.5714285714285714,0.5714285714285714,4,4,0,False
ml_intern,keyword,p02,reorder_bullets,0.5714285714285714,0.5714285714285714,4,4,0,False
ml_intern,keyword,p02,date_format,0.5714285714285714,0.5714285714285714,4,4,0,False
ml_intern,keyword,p02,add_teamwork_bullet,0.5714285714285714,0.5714285714285714,4,4,0,False
ml_intern,keyword,p02,all_edits,0.5714285714285714,0.5714285714285714,4,4,0,False
ml_intern,keyword,p03,verb_swap,0.6428571428571429,0.6428571428571429,2,2,0,False
ml_intern,keyword,p03,reorder_bullets,0.6428571428571429,0.6428571428571429,2,2,0,False
ml_intern,keyword,p03,date_format,0.6428571428571429,0.6428571428571429,2,2,0,False
ml_intern,keyword,p03,add_teamwork_bullet,0.6428571428571429,0.6428571428571429,2,2,0,False
ml_intern,keyword,p03,all_edits,0.6428571428571429,0.6428571428571429,2,2,0,False
ml_intern,keyword,p04,verb_swap,0.5,0.5,5,5,0,False
ml_intern,keyword,p04,reorder_bullets,0.5,0.5,5,5,0,False
ml_intern,keyword,p04,date_format,0.5,0.5,5,5,0,False
ml_intern,keyword,p04,add_teamwork_bullet,0.5,0.5,5,5,0,False
ml_intern,keyword,p04,all_edits,0.5,0.5,5,5,0,False
ml_intern,keyword,p05,verb_swap,0.5,0.5,5,5,0,False
ml_intern,keyword,p05,reorder_bullets,0.5,0.5,5,5,0,False
ml_intern,keyword,p05,date_format,0.5,0.5,5,5,0,False
ml_intern,keyword,p05,add_teamwork_bullet,0.5,0.5,5,5,0,False
ml_intern,keyword,p05,all_edits,0.5,0.5,5,5,0,False
ml_intern,keyword,p06,verb_swap,0.0,0.0,63,63,0,False
ml_intern,keyword,p06,reorder_bullets,0.0,0.0,63,63,0,False
ml_intern,keyword,p06,date_format,0.0,0.0,63,63,0,False
ml_intern,keyword,p06,add_teamwork_bullet,0.0,0.0,63,63,0,False
ml_intern,keyword,p06,all_edits,0.0,0.0,63,63,0,False
ml_intern,keyword,p07,verb_swap,0.14285714285714285,0.14285714285714285,19,19,0,False
ml_intern,keyword,p07,reorder_bullets,0.14285714285714285,0.14285714285714285,19,19,0,False
ml_intern,keyword,p07,date_format,0.14285714285714285,0.14285714285714285,19,19,0,False
ml_intern,keyword,p07,add_teamwork_bullet,0.14285714285714285,0.14285714285714285,19,19,0,False
ml_intern,keyword,p07,all_edits,0.14285714285714285,0.14285714285714285,19,19,0,False
ml_intern,keyword,p08,verb_swap,0.0,0.0,63,63,0,False
ml_intern,keyword,p08,reorder_bullets,0.0,0.0,63,63,0,False
ml_intern,keyword,p08,date_format,0.0,0.0,63,63,0,False
ml_intern,keyword,p08,add_teamwork_bullet,0.0,0.0,63,63,0,False
ml_intern,keyword,p08,all_edits,0.0,0.0,63,63,0,False
ml_intern,keyword,p09,verb_swap,0.14285714285714285,0.14285714285714285,19,19,0,False
ml_intern,keyword,p09,reorder_bullets,0.14285714285714285,0.14285714285714285,19,19,0,False
ml_intern,keyword,p09,date_format,0.14285714285714285,0.14285714285714285,19,19,0,False
ml_intern,keyword,p09,add_teamwork_bullet,0.14285714285714285,0.14285714285714285,19,19,0,False
ml_intern,keyword,p09,all_edits,0.14285714285714285,0.14285714285714285,19,19,0,False
ml_intern,keyword,p10,verb_swap,0.07142857142857142,0.07142857142857142,53,53,0,False
ml_intern,keyword,p10,reorder_bullets,0.07142857142857142,0.07142857142857142,53,53,0,False
ml_intern,keyword,p10,date_format,0.07142857142857142,0.07142857142857142,53,53,0,False
ml_intern,keyword,p10,add_teamwork_bullet,0.07142857142857142,0.07142857142857142,53,53,0,False
ml_intern,keyword,p10,all_edits,0.07142857142857142,0.07142857142857142,53,53,0,False
ml_intern,keyword,p11,verb_swap,0.14285714285714285,0.14285714285714285,19,19,0,False
ml_intern,keyword,p11,reorder_bullets,0.14285714285714285,0.14285714285714285,19,19,0,False
ml_intern,keyword,p11,date_format,0.14285714285714285,0.14285714285714285,19,19,0,False
ml_intern,keyword,p11,add_teamwork_bullet,0.14285714285714285,0.14285714285714285,19,19,0,False
ml_intern,keyword,p11,all_edits,0.14285714285714285,0.14285714285714285,19,19,0,False
ml_intern,keyword,p12,verb_swap,0.0,0.0,63,63,0,False
ml_intern,keyword,p12,reorder_bullets,0.0,0.0,63,63,0,False
ml_intern,keyword,p12,date_format,0.0,0.0,63,63,0,False
ml_intern,keyword,p12,add_teamwork_bullet,0.0,0.0,63,63,0,False
ml_intern,keyword,p12,all_edits,0.0,0.0,63,63,0,False
ml_intern,keyword,p13,verb_swap,0.14285714285714285,0.14285714285714285,19,19,0,False
ml_intern,keyword,p13,reorder_bullets,0.14285714285714285,0.14285714285714285,19,19,0,False
ml_intern,keyword,p13,date_format,0.14285714285714285,0.14285714285714285,19,19,0,False
ml_intern,keyword,p13,add_teamwork_bullet,0.14285714285714285,0.14285714285714285,19,19,0,False
ml_intern,keyword,p13,all_edits,0.14285714285714285,0.14285714285714285,19,19,0,False
ml_intern,keyword,p14,verb_swap,0.0,0.0,63,63,0,False
ml_intern,keyword,p14,reorder_bullets,0.0,0.0,63,63,0,False
ml_intern,keyword,p14,date_format,0.0,0.0,63,63,0,False
ml_intern,keyword,p14,add_teamwork_bullet,0.0,0.0,63,63,0,False
ml_intern,keyword,p14,all_edits,0.0,0.0,63,63,0,False
ml_intern,keyword,p15,verb_swap,0.14285714285714285,0.14285714285714285,19,19,0,False
ml_intern,keyword,p15,reorder_bullets,0.14285714285714285,0.14285714285714285,19,19,0,False
ml_intern,keyword,p15,date_format,0.14285714285714285,0.14285714285714285,19,19,0,False
ml_intern,keyword,p15,add_teamwork_bullet,0.14285714285714285,0.14285714285714285,19,19,0,False
ml_intern,keyword,p15,all_edits,0.14285714285714285,0.14285714285714285,19,19,0,False
ml_intern,keyword,p16,verb_swap,0.35714285714285715,0.35714285714285715,9,9,0,False
ml_intern,keyword,p16,reorder_bullets,0.35714285714285715,0.35714285714285715,9,9,0,False
ml_intern,keyword,p16,date_format,0.35714285714285715,0.35714285714285715,9,9,0,False
ml_intern,keyword,p16,add_teamwork_bullet,0.35714285714285715,0.35714285714285715,9,9,0,False
ml_intern,keyword,p16,all_edits,0.35714285714285715,0.35714285714285715,9,9,0,False
ml_intern,tfidf,p01,verb_swap,0.15853476069137912,0.16190727372167973,1,1,0,False
ml_intern,tfidf,p01,reorder_bullets,0.15853476069137912,0.15983960216354845,1,1,0,False
ml_intern,tfidf,p01,date_format,0.15853476069137912,0.1603324193682136,1,1,0,False
ml_intern,tfidf,p01,add_teamwork_bullet,0.15853476069137912,0.15380003972360115,1,1,0,False
ml_intern,tfidf,p01,all_edits,0.15853476069137912,0.1591703934139289,1,1,0,False
ml_intern,tfidf,p02,verb_swap,0.0677779165813653,0.0683682670050003,4,4,0,False
ml_intern,tfidf,p02,reorder_bullets,0.0677779165813653,0.06817346680422608,4,4,0,False
ml_intern,tfidf,p02,date_format,0.0677779165813653,0.06921947473289289,4,4,0,False
ml_intern,tfidf,p02,add_teamwork_bullet,0.0677779165813653,0.06648573329417021,4,4,0,False
ml_intern,tfidf,p02,all_edits,0.0677779165813653,0.06834649875469206,4,4,0,False
ml_intern,tfidf,p03,verb_swap,0.08068531292557365,0.08132755688075327,3,3,0,False
ml_intern,tfidf,p03,reorder_bullets,0.08068531292557365,0.08112937710171286,3,3,0,False
ml_intern,tfidf,p03,date_format,0.08068531292557365,0.08241937625261855,3,3,0,False
ml_intern,tfidf,p03,add_teamwork_bullet,0.08068531292557365,0.07899959677751668,3,3,0,False
ml_intern,tfidf,p03,all_edits,0.08068531292557365,0.08116550333336395,3,3,0,False
ml_intern,tfidf,p04,verb_swap,0.05104338667885845,0.05184223681086718,6,5,1,True
ml_intern,tfidf,p04,reorder_bullets,0.05104338667885845,0.051362965119940894,6,6,0,False
ml_intern,tfidf,p04,date_format,0.05104338667885845,0.0519143654140146,6,5,1,True
ml_intern,tfidf,p04,add_teamwork_bullet,0.05104338667885845,0.05034602583202218,6,6,0,False
ml_intern,tfidf,p04,all_edits,0.05104338667885845,0.05188308815656157,6,5,1,True
ml_intern,tfidf,p05,verb_swap,0.11405201042007142,0.11550838316190605,2,2,0,False
ml_intern,tfidf,p05,reorder_bullets,0.11405201042007142,0.11480035195977417,2,2,0,False
ml_intern,tfidf,p05,date_format,0.11405201042007142,0.11600300287321569,2,2,0,False
ml_intern,tfidf,p05,add_teamwork_bullet,0.11405201042007142,0.11040120486547075,2,2,0,False
ml_intern,tfidf,p05,all_edits,0.11405201042007142,0.11345937945852225,2,2,0,False
ml_intern,tfidf,p06,verb_swap,0.013518695040166914,0.013737713203402967,113,109,4,False
ml_intern,tfidf,p06,reorder_bullets,0.013518695040166914,0.013599889419988413,113,112,1,False
ml_intern,tfidf,p06,date_format,0.013518695040166914,0.01367990935811348,113,110,3,False
ml_intern,tfidf,p06,add_teamwork_bullet,0.013518695040166914,0.014461490545935936,113,102,11,False
ml_intern,tfidf,p06,all_edits,0.013518695040166914,0.014841167767208778,113,100,13,False
ml_intern,tfidf,p07,verb_swap,0.01824328394697236,0.018507068459754424,66,65,1,False
ml_intern,tfidf,p07,reorder_bullets,0.01824328394697236,0.018324602276814168,66,66,0,False
ml_intern,tfidf,p07,date_format,0.01824328394697236,0.018495266782933246,66,66,0,False
ml_intern,tfidf,p07,add_teamwork_bullet,0.01824328394697236,0.01888890431286976,66,64,2,False
ml_intern,tfidf,p07,all_edits,0.01824328394697236,0.019391125416161916,66,58,8,False
ml_intern,tfidf,p08,verb_swap,0.008570268540326893,0.008734390552839819,167,165,2,False
ml_intern,tfidf,p08,reorder_bullets,0.008570268540326893,0.008611743525771109,167,165,2,False
ml_intern,tfidf,p08,date_format,0.008570268540326893,0.00870901634112087,167,165,2,False
ml_intern,tfidf,p08,add_teamwork_bullet,0.008570268540326893,0.009596477678965572,167,160,7,False
ml_intern,tfidf,p08,all_edits,0.008570268540326893,0.00991659783802302,167,156,11,False
ml_intern,tfidf,p09,verb_swap,0.02293046552489889,0.023165885599558407,37,35,2,False
ml_intern,tfidf,p09,reorder_bullets,0.02293046552489889,0.022996743236775554,37,37,0,False
ml_intern,tfidf,p09,date_format,0.02293046552489889,0.023312348316380113,37,34,3,False
ml_intern,tfidf,p09,add_teamwork_bullet,0.02293046552489889,0.02348277686340863,37,33,4,False
ml_intern,tfidf,p09,all_edits,0.02293046552489889,0.024073703005994627,37,30,7,False
ml_intern,tfidf,p10,verb_swap,0.02026833417647446,0.02060699040878155,54,52,2,False
ml_intern,tfidf,p10,reorder_bullets,0.02026833417647446,0.020394863536793956,54,54,0,False
ml_intern,tfidf,p10,date_format,0.02026833417647446,0.020651094290398558,54,52,2,False
ml_intern,tfidf,p10,add_teamwork_bullet,0.02026833417647446,0.020921700439964844,54,49,5,False
ml_intern,tfidf,p10,all_edits,0.02026833417647446,0.021618094099185876,54,46,8,False
ml_intern,tfidf,p11,verb_swap,0.020882011385307205,0.020357051121215636,49,53,4,False
ml_intern,tfidf,p11,reorder_bullets,0.020882011385307205,0.020977971213686105,49,48,1,False
ml_intern,tfidf,p11,date_format,0.020882011385307205,0.021448928918739892,49,47,2,False
ml_intern,tfidf,p11,add_teamwork_bullet,0.020882011385307205,0.021420166848185065,49,47,2,False
ml_intern,tfidf,p11,all_edits,0.020882011385307205,0.021440823763820574,49,47,2,False
ml_intern,tfidf,p12,verb_swap,0.010874352429227418,0.010940603372585074,148,148,0,False
ml_intern,tfidf,p12,reorder_bullets,0.010874352429227418,0.010928056716693488,148,148,0,False
ml_intern,tfidf,p12,date_format,0.010874352429227418,0.010980816787592601,148,148,0,False
ml_intern,tfidf,p12,add_teamwork_bullet,0.010874352429227418,0.011814326711771182,148,139,9,False
ml_intern,tfidf,p12,all_edits,0.010874352429227418,0.01198885424249078,148,134,14,False
ml_intern,tfidf,p13,verb_swap,0.01672787213117519,0.017635526735943336,72,69,3,False
ml_intern,tfidf,p13,reorder_bullets,0.01672787213117519,0.016823178570020084,72,71,1,False
ml_intern,tfidf,p13,date_format,0.01672787213117519,0.017045998304590693,72,71,1,False
ml_intern,tfidf,p13,add_teamwork_bullet,0.01672787213117519,0.017533075456749873,72,69,3,False
ml_intern,tfidf,p13,all_edits,0.01672787213117519,0.01873507132317102,72,65,7,False
ml_intern,tfidf,p14,verb_swap,0.0149088927280022,0.014897312906510638,99,99,0,False
ml_intern,tfidf,p14,reorder_bullets,0.0149088927280022,0.014987655791355364,99,96,3,False
ml_intern,tfidf,p14,date_format,0.0149088927280022,0.015136858304912057,99,92,7,False
ml_intern,tfidf,p14,add_teamwork_bullet,0.0149088927280022,0.015777807372554013,99,80,19,False
ml_intern,tfidf,p14,all_edits,0.0149088927280022,0.015989104033112708,99,79,20,False
ml_intern,tfidf,p15,verb_swap,0.015194820716066553,0.015331395955575792,90,87,3,False
ml_intern,tfidf,p15,reorder_bullets,0.015194820716066553,0.015289881456633455,90,87,3,False
ml_intern,tfidf,p15,date_format,0.015194820716066553,0.015313789789240102,90,87,3,False
ml_intern,tfidf,p15,add_teamwork_bullet,0.015194820716066553,0.016070379771158144,90,77,13,False
ml_intern,tfidf,p15,all_edits,0.015194820716066553,0.016320072278385084,90,74,16,False
ml_intern,tfidf,p16,verb_swap,0.0515061688924517,0.052127807806123756,5,5,0,False
ml_intern,tfidf,p16,reorder_bullets,0.0515061688924517,0.05183135923780369,5,5,0,False
ml_intern,tfidf,p16,date_format,0.0515061688924517,0.05243021104332273,5,5,0,False
ml_intern,tfidf,p16,add_teamwork_bullet,0.0515061688924517,0.0506902504116651,5,6,1,True
ml_intern,tfidf,p16,all_edits,0.0515061688924517,0.05210018924791515,5,5,0,False
ml_intern,embedding,p01,verb_swap,0.7296563386917114,0.731850802898407,1,1,0,False
ml_intern,embedding,p01,reorder_bullets,0.7296563386917114,0.7296563386917114,1,1,0,False
ml_intern,embedding,p01,date_format,0.7296563386917114,0.7287605404853821,1,1,0,False
ml_intern,embedding,p01,add_teamwork_bullet,0.7296563386917114,0.7330666780471802,1,1,0,False
ml_intern,embedding,p01,all_edits,0.7296563386917114,0.7353098392486572,1,1,0,False
ml_intern,embedding,p02,verb_swap,0.6378262042999268,0.6391408443450928,3,3,0,False
ml_intern,embedding,p02,reorder_bullets,0.6378262042999268,0.6378262042999268,3,3,0,False
ml_intern,embedding,p02,date_format,0.6378262042999268,0.6426939964294434,3,3,0,False
ml_intern,embedding,p02,add_teamwork_bullet,0.6378262042999268,0.6509901881217957,3,3,0,False
ml_intern,embedding,p02,all_edits,0.6378262042999268,0.6571931838989258,3,3,0,False
ml_intern,embedding,p03,verb_swap,0.6238619089126587,0.6228923797607422,5,5,0,False
ml_intern,embedding,p03,reorder_bullets,0.6238619089126587,0.6238619089126587,5,5,0,False
ml_intern,embedding,p03,date_format,0.6238619089126587,0.6116811633110046,5,7,2,True
ml_intern,embedding,p03,add_teamwork_bullet,0.6238619089126587,0.6355102062225342,5,4,1,False
ml_intern,embedding,p03,all_edits,0.6238619089126587,0.623131275177002,5,5,0,False
ml_intern,embedding,p04,verb_swap,0.6207191944122314,0.6328885555267334,6,4,2,True
ml_intern,embedding,p04,reorder_bullets,0.6207191944122314,0.6207191944122314,6,6,0,False
ml_intern,embedding,p04,date_format,0.6207191944122314,0.612015962600708,6,7,1,False
ml_intern,embedding,p04,add_teamwork_bullet,0.6207191944122314,0.6287446022033691,6,5,1,True
ml_intern,embedding,p04,all_edits,0.6207191944122314,0.6340644359588623,6,4,2,True
ml_intern,embedding,p05,verb_swap,0.5921717882156372,0.5891785621643066,11,14,3,False
ml_intern,embedding,p05,reorder_bullets,0.5921717882156372,0.5921717882156372,11,11,0,False
ml_intern,embedding,p05,date_format,0.5921717882156372,0.5914461612701416,11,11,0,False
ml_intern,embedding,p05,add_teamwork_bullet,0.5921717882156372,0.6108760237693787,11,8,3,False
ml_intern,embedding,p05,all_edits,0.5921717882156372,0.6084983944892883,11,8,3,False
ml_intern,embedding,p06,verb_swap,0.4983181059360504,0.4904783368110657,79,89,10,False
ml_intern,embedding,p06,reorder_bullets,0.4983181059360504,0.4983181059360504,79,79,0,False
ml_intern,embedding,p06,date_format,0.4983181059360504,0.4891184866428375,79,94,15,False
ml_intern,embedding,p06,add_teamwork_bullet,0.4983181059360504,0.5238864421844482,79,57,22,False
ml_intern,embedding,p06,all_edits,0.4983181059360504,0.5092136263847351,79,68,11,False
ml_intern,embedding,p07,verb_swap,0.4737386107444763,0.47486579418182373,113,112,1,False
ml_intern,embedding,p07,reorder_bullets,0.4737386107444763,0.4737386405467987,113,113,0,False
ml_intern,embedding,p07,date_format,0.4737386107444763,0.4689018726348877,113,116,3,False
ml_intern,embedding,p07,add_teamwork_bullet,0.4737386107444763,0.49294859170913696,113,83,30,False
ml_intern,embedding,p07,all_edits,0.4737386107444763,0.4899570941925049,113,91,22,False
ml_intern,embedding,p08,verb_swap,0.4008999764919281,0.4020746946334839,170,168,2,False
ml_intern,embedding,p08,reorder_bullets,0.4008999764919281,0.4008999466896057,170,170,0,False
ml_intern,embedding,p08,date_format,0.4008999764919281,0.3998398184776306,170,170,0,False
ml_intern,embedding,p08,add_teamwork_bullet,0.4008999764919281,0.4302818775177002,170,149,21,False
ml_intern,embedding,p08,all_edits,0.4008999764919281,0.42975324392318726,170,150,20,False
ml_intern,embedding,p09,verb_swap,0.49401313066482544,0.49010035395622253,82,89,7,False
ml_intern,embedding,p09,reorder_bullets,0.49401313066482544,0.49401313066482544,82,82,0,False
ml_intern,embedding,p09,date_format,0.49401313066482544,0.49354082345962524,82,82,0,False
ml_intern,embedding,p09,add_teamwork_bullet,0.49401313066482544,0.5184277296066284,82,60,22,False
ml_intern,embedding,p09,all_edits,0.49401313066482544,0.5150311589241028,82,64,18,False
ml_intern,embedding,p10,verb_swap,0.4325091540813446,0.43994611501693726,145,140,5,False
ml_intern,embedding,p10,reorder_bullets,0.4325091540813446,0.4325091540813446,145,145,0,False
ml_intern,embedding,p10,date_format,0.4325091540813446,0.43001827597618103,145,148,3,False
ml_intern,embedding,p10,add_teamwork_bullet,0.4325091540813446,0.4616565704345703,145,123,22,False
ml_intern,embedding,p10,all_edits,0.4325091540813446,0.46560364961624146,145,122,23,False
ml_intern,embedding,p11,verb_swap,0.5182710886001587,0.5109476447105408,60,66,6,False
ml_intern,embedding,p11,reorder_bullets,0.5182710886001587,0.5182710886001587,60,60,0,False
ml_intern,embedding,p11,date_format,0.5182710886001587,0.5200625658035278,60,60,0,False
ml_intern,embedding,p11,add_teamwork_bullet,0.5182710886001587,0.5348962545394897,60,47,13,False
ml_intern,embedding,p11,all_edits,0.5182710886001587,0.529339075088501,60,54,6,False
ml_intern,embedding,p12,verb_swap,0.37599220871925354,0.3744879961013794,183,184,1,False
ml_intern,embedding,p12,reorder_bullets,0.37599220871925354,0.3759922385215759,183,183,0,False
ml_intern,embedding,p12,date_format,0.37599220871925354,0.3723016679286957,183,184,1,False
ml_intern,embedding,p12,add_teamwork_bullet,0.37599220871925354,0.4053540825843811,183,167,16,False
ml_intern,embedding,p12,all_edits,0.37599220871925354,0.4005093574523926,183,171,12,False
ml_intern,embedding,p13,verb_swap,0.5856231451034546,0.5822933912277222,16,16,0,False
ml_intern,embedding,p13,reorder_bullets,0.5856231451034546,0.5856231451034546,16,16,0,False
ml_intern,embedding,p13,date_format,0.5856231451034546,0.590696394443512,16,12,4,False
ml_intern,embedding,p13,add_teamwork_bullet,0.5856231451034546,0.6010100245475769,16,9,7,False
ml_intern,embedding,p13,all_edits,0.5856231451034546,0.6033456921577454,16,9,7,False
ml_intern,embedding,p14,verb_swap,0.41457051038742065,0.4102996587753296,161,162,1,False
ml_intern,embedding,p14,reorder_bullets,0.41457051038742065,0.41457051038742065,161,161,0,False
ml_intern,embedding,p14,date_format,0.41457051038742065,0.4150376319885254,161,159,2,False
ml_intern,embedding,p14,add_teamwork_bullet,0.41457051038742065,0.4408877491950989,161,139,22,False
ml_intern,embedding,p14,all_edits,0.41457051038742065,0.43695396184921265,161,141,20,False
ml_intern,embedding,p15,verb_swap,0.440479040145874,0.4358469545841217,139,143,4,False
ml_intern,embedding,p15,reorder_bullets,0.440479040145874,0.440479040145874,139,139,0,False
ml_intern,embedding,p15,date_format,0.440479040145874,0.44344428181648254,139,137,2,False
ml_intern,embedding,p15,add_teamwork_bullet,0.440479040145874,0.4690011441707611,139,117,22,False
ml_intern,embedding,p15,all_edits,0.440479040145874,0.46698158979415894,139,119,20,False
ml_intern,embedding,p16,verb_swap,0.6631625294685364,0.6673877239227295,2,2,0,False
ml_intern,embedding,p16,reorder_bullets,0.6631625294685364,0.6631625294685364,2,2,0,False
ml_intern,embedding,p16,date_format,0.6631625294685364,0.655766487121582,2,2,0,False
ml_intern,embedding,p16,add_teamwork_bullet,0.6631625294685364,0.6634335517883301,2,2,0,False
ml_intern,embedding,p16,all_edits,0.6631625294685364,0.6617788672447205,2,2,0,False
process_engineer,keyword,p01,verb_swap,0.1,0.1,18,18,0,False
process_engineer,keyword,p01,reorder_bullets,0.1,0.1,18,18,0,False
process_engineer,keyword,p01,date_format,0.1,0.1,18,18,0,False
process_engineer,keyword,p01,add_teamwork_bullet,0.1,0.1,18,18,0,False
process_engineer,keyword,p01,all_edits,0.1,0.1,18,18,0,False
process_engineer,keyword,p02,verb_swap,0.1,0.1,18,18,0,False
process_engineer,keyword,p02,reorder_bullets,0.1,0.1,18,18,0,False
process_engineer,keyword,p02,date_format,0.1,0.1,18,18,0,False
process_engineer,keyword,p02,add_teamwork_bullet,0.1,0.1,18,18,0,False
process_engineer,keyword,p02,all_edits,0.1,0.1,18,18,0,False
process_engineer,keyword,p03,verb_swap,0.1,0.1,18,18,0,False
process_engineer,keyword,p03,reorder_bullets,0.1,0.1,18,18,0,False
process_engineer,keyword,p03,date_format,0.1,0.1,18,18,0,False
process_engineer,keyword,p03,add_teamwork_bullet,0.1,0.1,18,18,0,False
process_engineer,keyword,p03,all_edits,0.1,0.1,18,18,0,False
process_engineer,keyword,p04,verb_swap,0.1,0.1,18,18,0,False
process_engineer,keyword,p04,reorder_bullets,0.1,0.1,18,18,0,False
process_engineer,keyword,p04,date_format,0.1,0.1,18,18,0,False
process_engineer,keyword,p04,add_teamwork_bullet,0.1,0.1,18,18,0,False
process_engineer,keyword,p04,all_edits,0.1,0.1,18,18,0,False
process_engineer,keyword,p05,verb_swap,0.1,0.1,18,18,0,False
process_engineer,keyword,p05,reorder_bullets,0.1,0.1,18,18,0,False
process_engineer,keyword,p05,date_format,0.1,0.1,18,18,0,False
process_engineer,keyword,p05,add_teamwork_bullet,0.1,0.1,18,18,0,False
process_engineer,keyword,p05,all_edits,0.1,0.1,18,18,0,False
process_engineer,keyword,p06,verb_swap,0.0,0.0,69,69,0,False
process_engineer,keyword,p06,reorder_bullets,0.0,0.0,69,69,0,False
process_engineer,keyword,p06,date_format,0.0,0.0,69,69,0,False
process_engineer,keyword,p06,add_teamwork_bullet,0.0,0.0,69,69,0,False
process_engineer,keyword,p06,all_edits,0.0,0.0,69,69,0,False
process_engineer,keyword,p07,verb_swap,0.675,0.675,1,1,0,False
process_engineer,keyword,p07,reorder_bullets,0.675,0.675,1,1,0,False
process_engineer,keyword,p07,date_format,0.675,0.675,1,1,0,False
process_engineer,keyword,p07,add_teamwork_bullet,0.675,0.675,1,1,0,False
process_engineer,keyword,p07,all_edits,0.675,0.675,1,1,0,False
process_engineer,keyword,p08,verb_swap,0.3,0.3,4,4,0,False
process_engineer,keyword,p08,reorder_bullets,0.3,0.3,4,4,0,False
process_engineer,keyword,p08,date_format,0.3,0.3,4,4,0,False
process_engineer,keyword,p08,add_teamwork_bullet,0.3,0.3,4,4,0,False
process_engineer,keyword,p08,all_edits,0.3,0.3,4,4,0,False
process_engineer,keyword,p09,verb_swap,0.35,0.35,3,3,0,False
process_engineer,keyword,p09,reorder_bullets,0.35,0.35,3,3,0,False
process_engineer,keyword,p09,date_format,0.35,0.35,3,3,0,False
process_engineer,keyword,p09,add_teamwork_bullet,0.35,0.35,3,3,0,False
process_engineer,keyword,p09,all_edits,0.35,0.35,3,3,0,False
process_engineer,keyword,p10,verb_swap,0.1,0.1,18,18,0,False
process_engineer,keyword,p10,reorder_bullets,0.1,0.1,18,18,0,False
process_engineer,keyword,p10,date_format,0.1,0.1,18,18,0,False
process_engineer,keyword,p10,add_teamwork_bullet,0.1,0.1,18,18,0,False
process_engineer,keyword,p10,all_edits,0.1,0.1,18,18,0,False
process_engineer,keyword,p11,verb_swap,0.375,0.375,2,2,0,False
process_engineer,keyword,p11,reorder_bullets,0.375,0.375,2,2,0,False
process_engineer,keyword,p11,date_format,0.375,0.375,2,2,0,False
process_engineer,keyword,p11,add_teamwork_bullet,0.375,0.375,2,2,0,False
process_engineer,keyword,p11,all_edits,0.375,0.375,2,2,0,False
process_engineer,keyword,p12,verb_swap,0.1,0.1,18,18,0,False
process_engineer,keyword,p12,reorder_bullets,0.1,0.1,18,18,0,False
process_engineer,keyword,p12,date_format,0.1,0.1,18,18,0,False
process_engineer,keyword,p12,add_teamwork_bullet,0.1,0.1,18,18,0,False
process_engineer,keyword,p12,all_edits,0.1,0.1,18,18,0,False
process_engineer,keyword,p13,verb_swap,0.1,0.1,18,18,0,False
process_engineer,keyword,p13,reorder_bullets,0.1,0.1,18,18,0,False
process_engineer,keyword,p13,date_format,0.1,0.1,18,18,0,False
process_engineer,keyword,p13,add_teamwork_bullet,0.1,0.1,18,18,0,False
process_engineer,keyword,p13,all_edits,0.1,0.1,18,18,0,False
process_engineer,keyword,p14,verb_swap,0.0,0.0,69,69,0,False
process_engineer,keyword,p14,reorder_bullets,0.0,0.0,69,69,0,False
process_engineer,keyword,p14,date_format,0.0,0.0,69,69,0,False
process_engineer,keyword,p14,add_teamwork_bullet,0.0,0.0,69,69,0,False
process_engineer,keyword,p14,all_edits,0.0,0.0,69,69,0,False
process_engineer,keyword,p15,verb_swap,0.1,0.1,18,18,0,False
process_engineer,keyword,p15,reorder_bullets,0.1,0.1,18,18,0,False
process_engineer,keyword,p15,date_format,0.1,0.1,18,18,0,False
process_engineer,keyword,p15,add_teamwork_bullet,0.1,0.1,18,18,0,False
process_engineer,keyword,p15,all_edits,0.1,0.1,18,18,0,False
process_engineer,keyword,p16,verb_swap,0.15,0.15,10,10,0,False
process_engineer,keyword,p16,reorder_bullets,0.15,0.15,10,10,0,False
process_engineer,keyword,p16,date_format,0.15,0.15,10,10,0,False
process_engineer,keyword,p16,add_teamwork_bullet,0.15,0.15,10,10,0,False
process_engineer,keyword,p16,all_edits,0.15,0.15,10,10,0,False
process_engineer,tfidf,p01,verb_swap,0.01903915709454358,0.01944417745163918,68,63,5,False
process_engineer,tfidf,p01,reorder_bullets,0.01903915709454358,0.0191958614139229,68,67,1,False
process_engineer,tfidf,p01,date_format,0.01903915709454358,0.019255046063002997,68,66,2,False
process_engineer,tfidf,p01,add_teamwork_bullet,0.01903915709454358,0.018319636563077134,68,73,5,False
process_engineer,tfidf,p01,all_edits,0.01903915709454358,0.018959317332983245,68,69,1,False
process_engineer,tfidf,p02,verb_swap,0.023089667560140945,0.023290780189641095,39,38,1,False
process_engineer,tfidf,p02,reorder_bullets,0.023089667560140945,0.02322441828146521,39,39,0,False
process_engineer,tfidf,p02,date_format,0.023089667560140945,0.02358075817145275,39,36,3,False
process_engineer,tfidf,p02,add_teamwork_bullet,0.023089667560140945,0.022140549987584114,39,45,6,False
process_engineer,tfidf,p02,all_edits,0.023089667560140945,0.022760207298297218,39,40,1,False
process_engineer,tfidf,p03,verb_swap,0.01546909254225267,0.015717870747301323,104,103,1,False
process_engineer,tfidf,p03,reorder_bullets,0.01546909254225267,0.015554229100398421,104,104,0,False
process_engineer,tfidf,p03,date_format,0.01546909254225267,0.01580154940593154,104,102,2,False
process_engineer,tfidf,p03,add_teamwork_bullet,0.01546909254225267,0.014867067186677112,104,112,8,False
process_engineer,tfidf,p03,all_edits,0.01546909254225267,0.015395476262165631,104,106,2,False
process_engineer,tfidf,p04,verb_swap,0.017252590780469975,0.017522600968257526,82,79,3,False
process_engineer,tfidf,p04,reorder_bullets,0.017252590780469975,0.01736060783076769,82,82,0,False
process_engineer,tfidf,p04,date_format,0.017252590780469975,0.017546980331670434,82,79,3,False
process_engineer,tfidf,p04,add_teamwork_bullet,0.017252590780469975,0.016495572748752272,82,92,10,False
process_engineer,tfidf,p04,all_edits,0.017252590780469975,0.01699918198055939,82,86,4,False
process_engineer,tfidf,p05,verb_swap,0.019311854302189894,0.019558454586537367,65,62,3,False
process_engineer,tfidf,p05,reorder_bullets,0.019311854302189894,0.01943856721790078,65,63,2,False
process_engineer,tfidf,p05,date_format,0.019311854302189894,0.01964220605891056,65,61,4,False
process_engineer,tfidf,p05,add_teamwork_bullet,0.019311854302189894,0.018426933545302955,65,72,7,False
process_engineer,tfidf,p05,all_edits,0.019311854302189894,0.01893736982237766,65,69,4,False
process_engineer,tfidf,p06,verb_swap,0.015302538843791114,0.015550457296012822,108,104,4,False
process_engineer,tfidf,p06,reorder_bullets,0.015302538843791114,0.015394447134304684,108,107,1,False
process_engineer,tfidf,p06,date_format,0.015302538843791114,0.015485026011023065,108,104,4,False
process_engineer,tfidf,p06,add_teamwork_bullet,0.015302538843791114,0.014656480970541648,108,114,6,False
process_engineer,tfidf,p06,all_edits,0.015302538843791114,0.015041277541189573,108,110,2,False
process_engineer,tfidf,p07,verb_swap,0.21523852686143144,0.2183507181809935,1,1,0,False
process_engineer,tfidf,p07,reorder_bullets,0.21523852686143144,0.21619793951832258,1,1,0,False
process_engineer,tfidf,p07,date_format,0.21523852686143144,0.21821147924019377,1,1,0,False
process_engineer,tfidf,p07,add_teamwork_bullet,0.21523852686143144,0.20683749329226178,1,1,0,False
process_engineer,tfidf,p07,all_edits,0.21523852686143144,0.2123369204883987,1,1,0,False
process_engineer,tfidf,p08,verb_swap,0.10136642549406126,0.10330760874579312,4,4,0,False
process_engineer,tfidf,p08,reorder_bullets,0.10136642549406126,0.10185697850323663,4,4,0,False
process_engineer,tfidf,p08,date_format,0.10136642549406126,0.10300749059551854,4,4,0,False
process_engineer,tfidf,p08,add_teamwork_bullet,0.10136642549406126,0.09737344458808718,4,4,0,False
process_engineer,tfidf,p08,all_edits,0.10136642549406126,0.10062163664482834,4,4,0,False
process_engineer,tfidf,p09,verb_swap,0.11974104167466748,0.12097038631837956,2,2,0,False
process_engineer,tfidf,p09,reorder_bullets,0.11974104167466748,0.12008713854092198,2,2,0,False
process_engineer,tfidf,p09,date_format,0.11974104167466748,0.12173520281369622,2,2,0,False
process_engineer,tfidf,p09,add_teamwork_bullet,0.11974104167466748,0.11484257218903039,2,2,0,False
process_engineer,tfidf,p09,all_edits,0.11974104167466748,0.11773249779634067,2,2,0,False
process_engineer,tfidf,p10,verb_swap,0.04289545803850602,0.04361218266303232,13,13,0,False
process_engineer,tfidf,p10,reorder_bullets,0.04289545803850602,0.0431632420023467,13,13,0,False
process_engineer,tfidf,p10,date_format,0.04289545803850602,0.04370552315104508,13,13,0,False
process_engineer,tfidf,p10,add_teamwork_bullet,0.04289545803850602,0.0410183407739953,13,14,1,False
process_engineer,tfidf,p10,all_edits,0.04289545803850602,0.04238366538079508,13,13,0,False
process_engineer,tfidf,p11,verb_swap,0.1124263436652612,0.1129054768382003,3,3,0,False
process_engineer,tfidf,p11,reorder_bullets,0.1124263436652612,0.11294298032656368,3,3,0,False
process_engineer,tfidf,p11,date_format,0.1124263436652612,0.11547856235567007,3,3,0,False
process_engineer,tfidf,p11,add_teamwork_bullet,0.1124263436652612,0.10791139383308708,3,3,0,False
process_engineer,tfidf,p11,all_edits,0.1124263436652612,0.11105784868367659,3,3,0,False
process_engineer,tfidf,p12,verb_swap,0.021198623014635803,0.021327773580772334,53,53,0,False
process_engineer,tfidf,p12,reorder_bullets,0.021198623014635803,0.021303314944722873,53,53,0,False
process_engineer,tfidf,p12,date_format,0.021198623014635803,0.021406166205107793,53,53,0,False
process_engineer,tfidf,p12,add_teamwork_bullet,0.021198623014635803,0.02034759230645507,53,56,3,False
process_engineer,tfidf,p12,all_edits,0.021198623014635803,0.020648177784406724,53,54,1,False
process_engineer,tfidf,p13,verb_swap,0.01943215466216597,0.01971329078555394,63,61,2,False
process_engineer,tfidf,p13,reorder_bullets,0.01943215466216597,0.019542868651692625,63,62,1,False
process_engineer,tfidf,p13,date_format,0.01943215466216597,0.01980171015346914,63,60,3,False
process_engineer,tfidf,p13,add_teamwork_bullet,0.01943215466216597,0.01865106101247653,63,70,7,False
process_engineer,tfidf,p13,all_edits,0.01943215466216597,0.019238662508200093,63,66,3,False
process_engineer,tfidf,p14,verb_swap,0.011829596643291824,0.01182040852852397,137,137,0,False
process_engineer,tfidf,p14,reorder_bullets,0.011829596643291824,0.011892091912850507,137,137,0,False
process_engineer,tfidf,p14,date_format,0.011829596643291824,0.012010478005348569,137,135,2,False
process_engineer,tfidf,p14,add_teamwork_bullet,0.011829596643291824,0.011386513062558034,137,141,4,False
process_engineer,tfidf,p14,all_edits,0.011829596643291824,0.011539001436177787,137,139,2,False
process_engineer,tfidf,p15,verb_swap,0.025939438925971586,0.026172589757445627,31,31,0,False
process_engineer,tfidf,p15,reorder_bullets,0.025939438925971586,0.026101719371412153,31,31,0,False
process_engineer,tfidf,p15,date_format,0.025939438925971586,0.02614253385320569,31,31,0,False
process_engineer,tfidf,p15,add_teamwork_bullet,0.025939438925971586,0.024802061648479406,31,34,3,False
process_engineer,tfidf,p15,all_edits,0.025939438925971586,0.02518742210950101,31,33,2,False
process_engineer,tfidf,p16,verb_swap,0.049914258600146214,0.05051668440971732,9,8,1,False
process_engineer,tfidf,p16,reorder_bullets,0.049914258600146214,0.05022939822984887,9,9,0,False
process_engineer,tfidf,p16,date_format,0.049914258600146214,0.05080974121645805,9,8,1,False
process_engineer,tfidf,p16,add_teamwork_bullet,0.049914258600146214,0.047625754444654764,9,9,0,False
process_engineer,tfidf,p16,all_edits,0.049914258600146214,0.04895045495909086,9,9,0,False
process_engineer,embedding,p01,verb_swap,0.48392874002456665,0.4836560785770416,107,107,0,False
process_engineer,embedding,p01,reorder_bullets,0.48392874002456665,0.48392874002456665,107,107,0,False
process_engineer,embedding,p01,date_format,0.48392874002456665,0.48599207401275635,107,107,0,False
process_engineer,embedding,p01,add_teamwork_bullet,0.48392874002456665,0.49944251775741577,107,91,16,False
process_engineer,embedding,p01,all_edits,0.48392874002456665,0.501732349395752,107,91,16,False
process_engineer,embedding,p02,verb_swap,0.4529406726360321,0.45407938957214355,137,136,1,False
process_engineer,embedding,p02,reorder_bullets,0.4529406726360321,0.4529406726360321,137,137,0,False
process_engineer,embedding,p02,date_format,0.4529406726360321,0.45999741554260254,137,130,7,False
process_engineer,embedding,p02,add_teamwork_bullet,0.4529406726360321,0.47407230734825134,137,120,17,False
process_engineer,embedding,p02,all_edits,0.4529406726360321,0.4819898009300232,137,108,29,False
process_engineer,embedding,p03,verb_swap,0.44286635518074036,0.4485306441783905,151,144,7,False
process_engineer,embedding,p03,reorder_bullets,0.44286635518074036,0.44286638498306274,151,151,0,False
process_engineer,embedding,p03,date_format,0.44286635518074036,0.4462323486804962,151,146,5,False
process_engineer,embedding,p03,add_teamwork_bullet,0.44286635518074036,0.46326327323913574,151,127,24,False
process_engineer,embedding,p03,all_edits,0.44286635518074036,0.47131943702697754,151,122,29,False
process_engineer,embedding,p04,verb_swap,0.41564619541168213,0.4277611970901489,168,159,9,False
process_engineer,embedding,p04,reorder_bullets,0.41564619541168213,0.41564619541168213,168,168,0,False
process_engineer,embedding,p04,date_format,0.41564619541168213,0.41584059596061707,168,168,0,False
process_engineer,embedding,p04,add_teamwork_bullet,0.41564619541168213,0.43652236461639404,168,156,12,False
process_engineer,embedding,p04,all_edits,0.41564619541168213,0.4491615295410156,168,143,25,False
process_engineer,embedding,p05,verb_swap,0.41695958375930786,0.4193107783794403,166,164,2,False
process_engineer,embedding,p05,reorder_bullets,0.41695958375930786,0.41695958375930786,166,166,0,False
process_engineer,embedding,p05,date_format,0.41695958375930786,0.4245402216911316,166,161,5,False
process_engineer,embedding,p05,add_teamwork_bullet,0.41695958375930786,0.44227057695388794,166,154,12,False
process_engineer,embedding,p05,all_edits,0.41695958375930786,0.4525194764137268,166,139,27,False
process_engineer,embedding,p06,verb_swap,0.35837334394454956,0.35990655422210693,195,195,0,False
process_engineer,embedding,p06,reorder_bullets,0.35837334394454956,0.35837337374687195,195,195,0,False
process_engineer,embedding,p06,date_format,0.35837334394454956,0.3579915463924408,195,196,1,False
process_engineer,embedding,p06,add_teamwork_bullet,0.35837334394454956,0.3882986307144165,195,184,11,False
process_engineer,embedding,p06,all_edits,0.35837334394454956,0.39047741889953613,195,183,12,False
process_engineer,embedding,p07,verb_swap,0.7702507972717285,0.7662504315376282,1,1,0,False
process_engineer,embedding,p07,reorder_bullets,0.7702507972717285,0.7702508568763733,1,1,0,False
process_engineer,embedding,p07,date_format,0.7702507972717285,0.7741758823394775,1,1,0,False
process_engineer,embedding,p07,add_teamwork_bullet,0.7702507972717285,0.764714777469635,1,1,0,False
process_engineer,embedding,p07,all_edits,0.7702507972717285,0.765507161617279,1,1,0,False
process_engineer,embedding,p08,verb_swap,0.6821244955062866,0.6811012029647827,4,4,0,False
process_engineer,embedding,p08,reorder_bullets,0.6821244955062866,0.6821244359016418,4,4,0,False
process_engineer,embedding,p08,date_format,0.6821244955062866,0.689801812171936,4,3,1,False
process_engineer,embedding,p08,add_teamwork_bullet,0.6821244955062866,0.6906603574752808,4,3,1,False
process_engineer,embedding,p08,all_edits,0.6821244955062866,0.696021556854248,4,3,1,False
process_engineer,embedding,p09,verb_swap,0.657326877117157,0.6581817269325256,6,6,0,False
process_engineer,embedding,p09,reorder_bullets,0.657326877117157,0.657326877117157,6,6,0,False
process_engineer,embedding,p09,date_format,0.657326877117157,0.666366696357727,6,5,1,True
process_engineer,embedding,p09,add_teamwork_bullet,0.657326877117157,0.6652989387512207,6,5,1,True
process_engineer,embedding,p09,all_edits,0.657326877117157,0.675200343132019,6,5,1,True
process_engineer,embedding,p10,verb_swap,0.5575215220451355,0.5600584745407104,42,39,3,False
process_engineer,embedding,p10,reorder_bullets,0.5575215220451355,0.5575215220451355,42,42,0,False
process_engineer,embedding,p10,date_format,0.5575215220451355,0.5623054504394531,42,39,3,False
process_engineer,embedding,p10,add_teamwork_bullet,0.5575215220451355,0.5735636353492737,42,33,9,False
process_engineer,embedding,p10,all_edits,0.5575215220451355,0.5796873569488525,42,28,14,False
process_engineer,embedding,p11,verb_swap,0.6482844352722168,0.6431452631950378,7,7,0,False
process_engineer,embedding,p11,reorder_bullets,0.6482844352722168,0.6482844352722168,7,7,0,False
process_engineer,embedding,p11,date_format,0.6482844352722168,0.6483056545257568,7,7,0,False
process_engineer,embedding,p11,add_teamwork_bullet,0.6482844352722168,0.6496174335479736,7,7,0,False
process_engineer,embedding,p11,all_edits,0.6482844352722168,0.6444050669670105,7,7,0,False
process_engineer,embedding,p12,verb_swap,0.444080650806427,0.4494645893573761,149,143,6,False
process_engineer,embedding,p12,reorder_bullets,0.444080650806427,0.444080650806427,149,149,0,False
process_engineer,embedding,p12,date_format,0.444080650806427,0.4482347071170807,149,144,5,False
process_engineer,embedding,p12,add_teamwork_bullet,0.444080650806427,0.46478182077407837,149,125,24,False
process_engineer,embedding,p12,all_edits,0.444080650806427,0.473757266998291,149,120,29,False
process_engineer,embedding,p13,verb_swap,0.48146891593933105,0.48847776651382446,110,101,9,False
process_engineer,embedding,p13,reorder_bullets,0.48146891593933105,0.48146891593933105,110,110,0,False
process_engineer,embedding,p13,date_format,0.48146891593933105,0.4877595901489258,110,101,9,False
process_engineer,embedding,p13,add_teamwork_bullet,0.48146891593933105,0.49965259432792664,110,91,19,False
process_engineer,embedding,p13,all_edits,0.48146891593933105,0.5125604271888733,110,78,32,False
process_engineer,embedding,p14,verb_swap,0.3862098455429077,0.38199466466903687,185,189,4,False
process_engineer,embedding,p14,reorder_bullets,0.3862098455429077,0.3862098455429077,185,185,0,False
process_engineer,embedding,p14,date_format,0.3862098455429077,0.39539316296577454,185,180,5,False
process_engineer,embedding,p14,add_teamwork_bullet,0.3862098455429077,0.4098327159881592,185,172,13,False
process_engineer,embedding,p14,all_edits,0.3862098455429077,0.41408571600914,185,169,16,False
process_engineer,embedding,p15,verb_swap,0.4406607747077942,0.4399504065513611,154,154,0,False
process_engineer,embedding,p15,reorder_bullets,0.4406607747077942,0.44066083431243896,154,154,0,False
process_engineer,embedding,p15,date_format,0.4406607747077942,0.4553576707839966,154,135,19,False
process_engineer,embedding,p15,add_teamwork_bullet,0.4406607747077942,0.46413248777389526,154,125,29,False
process_engineer,embedding,p15,all_edits,0.4406607747077942,0.47658684849739075,154,120,34,False
process_engineer,embedding,p16,verb_swap,0.5716546773910522,0.5776188373565674,33,30,3,False
process_engineer,embedding,p16,reorder_bullets,0.5716546773910522,0.5716546773910522,33,33,0,False
process_engineer,embedding,p16,date_format,0.5716546773910522,0.5735928416252136,33,32,1,False
process_engineer,embedding,p16,add_teamwork_bullet,0.5716546773910522,0.5750267505645752,33,31,2,False
process_engineer,embedding,p16,all_edits,0.5716546773910522,0.5832033157348633,33,24,9,False
