attack,defense,scorer,candidates,entered_top_k,beats_best_genuine,median_score_vs_best,mean_rank_gain,beats_best_genuine_lo,beats_best_genuine_hi
hidden_jd,drop_invisible,embedding,40,0.0,0.0,0.5904002264121655,0.0,0.0,0.0
hidden_jd,drop_invisible,keyword,37,0.0,0.0,0.08695652173913043,0.0,0.0,0.0
hidden_jd,drop_invisible,tfidf,36,0.0,0.0,0.08457105958188045,0.0,0.0,0.0
hidden_jd,none,embedding,40,0.925,0.475,0.9925670124983517,106.225,0.325,0.625
hidden_jd,none,keyword,37,1.0,1.0,1.2173913043478262,27.81081081081081,1.0,1.0
hidden_jd,none,tfidf,36,1.0,1.0,3.0169280595575327,78.25,1.0,1.0
hidden_keywords,drop_invisible,embedding,40,0.0,0.0,0.5904002264121655,0.0,0.0,0.0
hidden_keywords,drop_invisible,keyword,37,0.0,0.0,0.08695652173913043,0.0,0.0,0.0
hidden_keywords,drop_invisible,tfidf,36,0.0,0.0,0.08457105958188045,0.0,0.0,0.0
hidden_keywords,none,embedding,40,0.3,0.0,0.8216653315446413,91.825,0.0,0.0
hidden_keywords,none,keyword,37,1.0,1.0,1.1304347826086958,27.81081081081081,1.0,1.0
hidden_keywords,none,tfidf,36,1.0,1.0,1.4034250518818543,78.25,1.0,1.0
visible_repeat,none,embedding,40,0.45,0.025,0.854708936610659,95.5,0.0,0.075
visible_repeat,none,keyword,37,1.0,1.0,1.1304347826086958,27.81081081081081,1.0,1.0
visible_repeat,none,tfidf,36,1.0,1.0,1.4034250518818543,78.25,1.0,1.0
