,,single,two_column,table,textbox
pdf,name,1.0,1.0,1.0,0.0
pdf,email,1.0,1.0,1.0,1.0
pdf,phone,1.0,1.0,1.0,1.0
pdf,degree_level,1.0,0.896551724137931,0.0,1.0
pdf,field_of_study,1.0,0.896551724137931,0.0,1.0
pdf,school,1.0,0.8275862068965517,0.0,1.0
pdf,grad_date,1.0,0.7586206896551724,0.0,1.0
pdf,gpa,1.0,1.0,1.0,1.0
pdf,skills,1.0,0.38666666666666666,0.0,0.0
pdf,experience,1.0,0.0,0.0,0.8148148148148148
docx,name,1.0,1.0,1.0,1.0
docx,email,1.0,1.0,1.0,0.0
docx,phone,1.0,1.0,1.0,0.0
docx,degree_level,1.0,1.0,1.0,1.0
docx,field_of_study,1.0,1.0,1.0,1.0
docx,school,1.0,1.0,1.0,1.0
docx,grad_date,1.0,1.0,1.0,1.0
docx,gpa,1.0,1.0,1.0,1.0
docx,skills,1.0,1.0,1.0,0.0
docx,experience,1.0,1.0,1.0,1.0
