template,parser,format,layout,precision,recall,f1,f1_drop_vs_single_pct,f1_lo,f1_hi,drop_lo,drop_hi
career_center,layout_aware,docx,single,0.8282442748091603,0.791970802919708,0.8097014925373135,0.0,0.7961538461538462,0.8233151183970856,0.0,0.0
career_center,layout_aware,docx,table,0.8282442748091603,0.791970802919708,0.8097014925373135,0.0,0.7961538461538462,0.8233151183970856,0.0,0.0
career_center,layout_aware,docx,textbox,0.8282442748091603,0.791970802919708,0.8097014925373135,0.0,0.7961538461538462,0.8233151183970856,0.0,0.0
career_center,layout_aware,docx,two_column,0.8282442748091603,0.791970802919708,0.8097014925373135,0.0,0.7961538461538462,0.8233151183970856,0.0,0.0
career_center,layout_aware,pdf,single,0.8282442748091603,0.791970802919708,0.8097014925373135,0.0,0.7961538461538462,0.8233151183970856,0.0,0.0
career_center,layout_aware,pdf,table,0.7692307692307693,0.40145985401459855,0.5275779376498801,34.84290908287195,0.508235294117647,0.5436893203883495,32.33621057097321,37.423980878170035
career_center,layout_aware,pdf,textbox,0.8282442748091603,0.791970802919708,0.8097014925373135,0.0,0.7961538461538462,0.8233151183970856,0.0,0.0
career_center,layout_aware,pdf,two_column,0.8211382113821138,0.7372262773722628,0.7769230769230768,4.048209854661486,0.762278978388998,0.791044776119403,3.068610634648367,4.672164794566568
career_center,naive,docx,single,0.8282442748091603,0.791970802919708,0.8097014925373135,0.0,0.7961538461538462,0.8233151183970856,0.0,0.0
career_center,naive,docx,table,0.8282442748091603,0.791970802919708,0.8097014925373135,0.0,0.7961538461538462,0.8233151183970856,0.0,0.0
career_center,naive,docx,textbox,0.7027027027027027,0.2846715328467153,0.40519480519480516,49.95750792985817,0.38441558441558443,0.4210526315789473,47.71763532052882,52.62348438785364
career_center,naive,docx,two_column,0.8282442748091603,0.791970802919708,0.8097014925373135,0.0,0.7961538461538462,0.8233151183970856,0.0,0.0
career_center,naive,pdf,single,0.8282442748091603,0.791970802919708,0.8097014925373135,0.0,0.7961538461538462,0.8233151183970856,0.0,0.0
career_center,naive,pdf,table,1.0,0.22992700729927007,0.37388724035608306,53.82406432468652,0.36093470483005363,0.3862980907058081,51.87844150313611,55.67012732468712
career_center,naive,pdf,textbox,0.6216216216216216,0.5875912408759124,0.6041275797373359,25.388851903407367,0.5687022900763359,0.6333333333333333,21.86011379426118,29.407512120403126
career_center,naive,pdf,two_column,0.8280542986425339,0.6678832116788321,0.7393939393939393,8.683144812177092,0.7133964676736194,0.7644628099173553,5.314058075810305,11.76844783129567
classic,layout_aware,docx,single,1.0,1.0,1.0,0.0,1.0,1.0,0.0,0.0
classic,layout_aware,docx,table,1.0,1.0,1.0,0.0,1.0,1.0,0.0,0.0
classic,layout_aware,docx,textbox,1.0,1.0,1.0,0.0,1.0,1.0,0.0,0.0
classic,layout_aware,docx,two_column,1.0,1.0,1.0,0.0,1.0,1.0,0.0,0.0
classic,layout_aware,pdf,single,1.0,1.0,1.0,0.0,1.0,1.0,0.0,0.0
classic,layout_aware,pdf,table,1.0,1.0,1.0,0.0,1.0,1.0,0.0,0.0
classic,layout_aware,pdf,textbox,1.0,0.9635036496350365,0.9814126394052044,1.8587360594795599,0.9701492537313433,0.9908925318761385,0.910746812386154,2.985074626865669
classic,layout_aware,pdf,two_column,0.9962406015037594,0.9671532846715328,0.9814814814814815,1.851851851851849,0.9695788465445679,0.9909909909909909,0.9009009009009139,3.042115345543206
classic,naive,docx,single,1.0,1.0,1.0,0.0,1.0,1.0,0.0,0.0
classic,naive,docx,table,1.0,1.0,1.0,0.0,1.0,1.0,0.0,0.0
classic,naive,docx,textbox,1.0,0.4635036496350365,0.6334164588528678,36.65835411471322,0.6176379811183733,0.6494845360824743,35.051546391752574,38.23620188816267
classic,naive,docx,two_column,1.0,1.0,1.0,0.0,1.0,1.0,0.0,0.0
classic,naive,pdf,single,1.0,1.0,1.0,0.0,1.0,1.0,0.0,0.0
classic,naive,pdf,table,1.0,0.22992700729927007,0.37388724035608306,62.61127596439169,0.36093470483005363,0.3862980907058081,61.37019092941918,63.90652951699463
classic,naive,pdf,textbox,1.0,0.4854014598540146,0.6535626535626535,34.643734643734646,0.6292682926829268,0.674937965260546,32.506203473945405,37.073170731707314
classic,naive,pdf,two_column,0.94,0.5145985401459854,0.6650943396226415,33.490566037735846,0.6020408163265306,0.7213221667854597,27.867783321454024,39.795918367346935
hybrid,layout_aware,docx,single,1.0,0.6496350364963503,0.7876106194690266,0.0,0.7777777777777778,0.7966101694915254,0.0,0.0
hybrid,layout_aware,docx,table,1.0,0.6496350364963503,0.7876106194690266,0.0,0.7777777777777778,0.7966101694915254,0.0,0.0
hybrid,layout_aware,docx,textbox,1.0,0.6496350364963503,0.7876106194690266,0.0,0.7777777777777778,0.7966101694915254,0.0,0.0
hybrid,layout_aware,docx,two_column,0.7714285714285715,0.5912408759124088,0.6694214876033059,15.006035843625208,0.6551724137931034,0.6825396825396824,14.319486659912203,15.763546798029559
hybrid,layout_aware,pdf,single,0.7974683544303798,0.22992700729927007,0.3569405099150142,0.0,0.3446280602636535,0.3679642355146024,0.0,0.0
hybrid,layout_aware,pdf,table,1.0,0.22992700729927007,0.37388724035608306,-4.747774480712151,0.36093470483005363,0.3862980907058081,-4.907975460122686,-4.597701149425293
hybrid,layout_aware,pdf,textbox,0.7974683544303798,0.22992700729927007,0.3569405099150142,0.0,0.3446280602636535,0.3679642355146024,0.0,0.0
hybrid,layout_aware,pdf,two_column,0.8558558558558559,0.3467153284671533,0.49350649350649356,-38.26015254586684,0.4797979797979798,0.5065963060686015,-39.78709814775389,-37.368421052631554
hybrid,naive,docx,single,1.0,0.6496350364963503,0.7876106194690266,0.0,0.7777777777777778,0.7966101694915254,0.0,0.0
hybrid,naive,docx,table,1.0,0.6496350364963503,0.7876106194690266,0.0,0.7777777777777778,0.7966101694915254,0.0,0.0
hybrid,naive,docx,textbox,1.0,0.11313868613138686,0.2032786885245902,74.19045864800147,0.1901639344262295,0.21333333333333335,72.71317829457364,75.91327533524066
hybrid,naive,docx,two_column,0.7714285714285715,0.5912408759124088,0.6694214876033059,15.006035843625208,0.6551724137931034,0.6825396825396824,14.319486659912203,15.763546798029559
hybrid,naive,pdf,single,0.7974683544303798,0.22992700729927007,0.3569405099150142,0.0,0.3446280602636535,0.3679642355146024,0.0,0.0
hybrid,naive,pdf,table,1.0,0.22992700729927007,0.37388724035608306,-4.747774480712151,0.36093470483005363,0.3862980907058081,-4.907975460122686,-4.597701149425293
hybrid,naive,pdf,textbox,0.38524590163934425,0.17153284671532848,0.23737373737373743,33.49767516434182,0.22556390977443608,0.24678663239074553,32.4238082963198,34.82755819348192
hybrid,naive,pdf,two_column,0.6896551724137931,0.21897810218978103,0.332409972299169,6.872444268566146,0.3175487465181059,0.34688906806423436,4.231102375566447,10.135687929523693
latex,layout_aware,docx,single,0.7566539923954373,0.7262773722627737,0.7411545623836127,0.0,0.7234848484848485,0.7586238648631485,0.0,0.0
latex,layout_aware,docx,table,0.7566539923954373,0.7262773722627737,0.7411545623836127,0.0,0.7234848484848485,0.7586238648631485,0.0,0.0
latex,layout_aware,docx,textbox,0.7566539923954373,0.7262773722627737,0.7411545623836127,0.0,0.7234848484848485,0.7586238648631485,0.0,0.0
latex,layout_aware,docx,two_column,0.7566539923954373,0.7262773722627737,0.7411545623836127,0.0,0.7234848484848485,0.7586238648631485,0.0,0.0
latex,layout_aware,pdf,single,0.7566539923954373,0.7262773722627737,0.7411545623836127,0.0,0.7234848484848485,0.7586238648631485,0.0,0.0
latex,layout_aware,pdf,table,0.7566539923954373,0.7262773722627737,0.7411545623836127,0.0,0.7234848484848485,0.7586238648631485,0.0,0.0
latex,layout_aware,pdf,textbox,0.7566539923954373,0.7262773722627737,0.7411545623836127,0.0,0.7234848484848485,0.7586238648631485,0.0,0.0
latex,layout_aware,pdf,two_column,0.7374517374517374,0.6970802919708029,0.7166979362101313,3.2998010691355453,0.6920152091254753,0.7414176614641371,1.275843587794116,5.501688161522788
latex,naive,docx,single,0.7566539923954373,0.7262773722627737,0.7411545623836127,0.0,0.7234848484848485,0.7586238648631485,0.0,0.0
latex,naive,docx,table,0.7566539923954373,0.7262773722627737,0.7411545623836127,0.0,0.7234848484848485,0.7586238648631485,0.0,0.0
latex,naive,docx,textbox,0.5905511811023622,0.2737226277372263,0.37406483790523687,49.529442724846184,0.3535347420940641,0.3927671650055371,46.72645906916243,52.316470219808785
latex,naive,docx,two_column,0.7566539923954373,0.7262773722627737,0.7411545623836127,0.0,0.7234848484848485,0.7586238648631485,0.0,0.0
latex,naive,pdf,single,0.7566539923954373,0.7262773722627737,0.7411545623836127,0.0,0.7234848484848485,0.7586238648631485,0.0,0.0
latex,naive,pdf,table,1.0,0.22992700729927007,0.37388724035608306,49.553405007232016,0.36093470483005363,0.3862980907058081,47.08808736502836,51.85722038982178
latex,naive,pdf,textbox,0.5555555555555556,0.5291970802919708,0.5420560747663552,26.863288404640016,0.5199223860966302,0.5615960935566372,24.359645754438375,29.495691949567018
latex,naive,pdf,two_column,0.7563025210084033,0.656934306569343,0.703125,5.131124371859296,0.6717557251908397,0.7345309381237524,0.39919269309197203,9.917119119040846
modern,layout_aware,docx,single,0.7482517482517482,0.3905109489051095,0.5131894484412469,0.0,0.49172576832151305,0.5320208745304986,0.0,0.0
modern,layout_aware,docx,table,0.7482517482517482,0.3905109489051095,0.5131894484412469,0.0,0.49172576832151305,0.5320208745304986,0.0,0.0
modern,layout_aware,docx,textbox,0.7482517482517482,0.3905109489051095,0.5131894484412469,0.0,0.49172576832151305,0.5320208745304986,0.0,0.0
modern,layout_aware,docx,two_column,0.7482517482517482,0.3905109489051095,0.5131894484412469,0.0,0.49172576832151305,0.5320208745304986,0.0,0.0
modern,layout_aware,pdf,single,0.7482517482517482,0.3905109489051095,0.5131894484412469,0.0,0.49172576832151305,0.5320208745304986,0.0,0.0
modern,layout_aware,pdf,table,0.7482517482517482,0.3905109489051095,0.5131894484412469,0.0,0.49172576832151305,0.5320208745304986,0.0,0.0
modern,layout_aware,pdf,textbox,0.7482517482517482,0.3905109489051095,0.5131894484412469,0.0,0.49172576832151305,0.5320208745304986,0.0,0.0
modern,layout_aware,pdf,two_column,0.6923076923076923,0.3613138686131387,0.4748201438848921,7.476635514018679,0.45365853658536587,0.4950992290119931,3.809523809523811,11.111111111111095
modern,naive,docx,single,0.7482517482517482,0.3905109489051095,0.5131894484412469,0.0,0.49172576832151305,0.5320208745304986,0.0,0.0
modern,naive,docx,table,0.7482517482517482,0.3905109489051095,0.5131894484412469,0.0,0.49172576832151305,0.5320208745304986,0.0,0.0
modern,naive,docx,textbox,0.6756756756756757,0.2737226277372263,0.38961038961038963,24.080592304891354,0.3682761750791778,0.4093264248704663,23.134898089891877,25.293549534895536
modern,naive,docx,two_column,0.7482517482517482,0.3905109489051095,0.5131894484412469,0.0,0.49172576832151305,0.5320208745304986,0.0,0.0
modern,naive,pdf,single,0.7482517482517482,0.3905109489051095,0.5131894484412469,0.0,0.49172576832151305,0.5320208745304986,0.0,0.0
modern,naive,pdf,table,1.0,0.22992700729927007,0.37388724035608306,27.14440222967913,0.36093470483005363,0.3862980907058081,24.485379950459787,29.57699394077536
modern,naive,pdf,textbox,0.611764705882353,0.1897810218978102,0.28969359331476324,43.550360555020426,0.2628571428571429,0.32345787617968513,35.899032492295404,49.1511385864352
modern,naive,pdf,two_column,0.8421052631578947,0.35036496350364965,0.49484536082474223,3.574525484150681,0.4603580562659847,0.5260416666666666,-1.4494256401214838,9.222727701618453
held_out_pooled,layout_aware,docx,single,0.8286052009456265,0.6395985401459854,0.7219361483007208,0.0,0.5870267790427678,0.8018667255075022,0.0,0.0
held_out_pooled,layout_aware,docx,table,0.8286052009456265,0.6395985401459854,0.7219361483007208,0.0,0.5870267790427678,0.8018667255075022,0.0,0.0
held_out_pooled,layout_aware,docx,textbox,0.8286052009456265,0.6395985401459854,0.7219361483007208,0.0,0.5870267790427678,0.8018667255075022,0.0,0.0
held_out_pooled,layout_aware,docx,two_column,0.7801822323462415,0.625,0.6940222897669707,3.8665273375565503,0.5817969342844134,0.7844739433847912,0.0,11.118416657382175
held_out_pooled,layout_aware,pdf,single,0.784471218206158,0.5346715328467153,0.6359196961475854,0.0,0.4370098576486452,0.7793097446125737,0.0,0.0
held_out_pooled,layout_aware,pdf,table,0.7826797385620915,0.43704379562043794,0.5608899297423888,11.798622822933211,0.4310423811653992,0.6923674736338794,-3.1027795733678,30.872178723604776
held_out_pooled,layout_aware,pdf,textbox,0.784471218206158,0.5346715328467153,0.6359196961475854,0.0,0.4370098576486452,0.7793097446125737,0.0,0.0
held_out_pooled,layout_aware,pdf,two_column,0.7733860342555995,0.5355839416058394,0.6328840970350404,0.477355730752584,0.4795635971549637,0.7518227331320044,-15.956426950947453,6.331811949579708
held_out_pooled,naive,docx,single,0.8286052009456265,0.6395985401459854,0.7219361483007208,0.0,0.5870267790427678,0.8018667255075022,0.0,0.0
held_out_pooled,naive,docx,table,0.8286052009456265,0.6395985401459854,0.7219361483007208,0.0,0.5870267790427678,0.8018667255075022,0.0,0.0
held_out_pooled,naive,docx,textbox,0.6815789473684211,0.2363138686131387,0.3509485094850948,51.38787407845548,0.25920105117462217,0.40458314232754666,34.875873019001475,66.47605374363035
held_out_pooled,naive,docx,two_column,0.7801822323462415,0.625,0.6940222897669707,3.8665273375565503,0.5817969342844134,0.7844739433847912,0.0,11.118416657382175
held_out_pooled,naive,pdf,single,0.784471218206158,0.5346715328467153,0.6359196961475854,0.0,0.4370098576486452,0.7793097446125737,0.0,0.0
held_out_pooled,naive,pdf,table,1.0,0.22992700729927007,0.37388724035608306,41.20527440475587,0.3604651162790698,0.38670694864048344,14.887155050531506,52.16300607422517
held_out_pooled,naive,pdf,textbox,0.5570839064649243,0.36952554744525545,0.44432254525507403,30.12914241424048,0.26005361930294907,0.579253039832285,25.316369466121966,40.58539625296254
held_out_pooled,naive,pdf,two_column,0.7863636363636364,0.47354014598540145,0.591116173120729,7.045468680759078,0.4103209263854425,0.7258109364297595,2.3180166557655424,10.820444593480422
