persona,format,layout,field,tp,fp,fn
p01,pdf,single,name,1,0,0
p01,pdf,single,email,1,0,0
p01,pdf,single,phone,1,0,0
p01,pdf,single,degree_level,1,0,0
p01,pdf,single,field_of_study,1,0,0
p01,pdf,single,school,1,0,0
p01,pdf,single,grad_date,1,0,0
p01,pdf,single,gpa,1,0,0
p01,pdf,single,skills,10,0,0
p01,pdf,single,experience,2,0,0
p01,pdf,two_column,name,1,0,0
p01,pdf,two_column,email,1,0,0
p01,pdf,two_column,phone,1,0,0
p01,pdf,two_column,degree_level,1,0,0
p01,pdf,two_column,field_of_study,1,0,0
p01,pdf,two_column,school,1,0,0
p01,pdf,two_column,grad_date,1,0,0
p01,pdf,two_column,gpa,1,0,0
p01,pdf,two_column,skills,0,0,10
p01,pdf,two_column,experience,0,0,2
p01,pdf,table,name,1,0,0
p01,pdf,table,email,1,0,0
p01,pdf,table,phone,1,0,0
p01,pdf,table,degree_level,0,0,1
p01,pdf,table,field_of_study,0,0,1
p01,pdf,table,school,0,0,1
p01,pdf,table,grad_date,0,0,1
p01,pdf,table,gpa,1,0,0
p01,pdf,table,skills,0,0,10
p01,pdf,table,experience,0,0,2
p01,pdf,textbox,name,0,0,1
p01,pdf,textbox,email,1,0,0
p01,pdf,textbox,phone,1,0,0
p01,pdf,textbox,degree_level,1,0,0
p01,pdf,textbox,field_of_study,1,0,0
p01,pdf,textbox,school,1,0,0
p01,pdf,textbox,grad_date,1,0,0
p01,pdf,textbox,gpa,1,0,0
p01,pdf,textbox,skills,0,0,10
p01,pdf,textbox,experience,1,0,1
p01,docx,single,name,1,0,0
p01,docx,single,email,1,0,0
p01,docx,single,phone,1,0,0
p01,docx,single,degree_level,1,0,0
p01,docx,single,field_of_study,1,0,0
p01,docx,single,school,1,0,0
p01,docx,single,grad_date,1,0,0
p01,docx,single,gpa,1,0,0
p01,docx,single,skills,10,0,0
p01,docx,single,experience,2,0,0
p01,docx,two_column,name,1,0,0
p01,docx,two_column,email,1,0,0
p01,docx,two_column,phone,1,0,0
p01,docx,two_column,degree_level,1,0,0
p01,docx,two_column,field_of_study,1,0,0
p01,docx,two_column,school,1,0,0
p01,docx,two_column,grad_date,1,0,0
p01,docx,two_column,gpa,1,0,0
p01,docx,two_column,skills,10,0,0
p01,docx,two_column,experience,2,0,0
p01,docx,table,name,1,0,0
p01,docx,table,email,1,0,0
p01,docx,table,phone,1,0,0
p01,docx,table,degree_level,1,0,0
p01,docx,table,field_of_study,1,0,0
p01,docx,table,school,1,0,0
p01,docx,table,grad_date,1,0,0
p01,docx,table,gpa,1,0,0
p01,docx,table,skills,10,0,0
p01,docx,table,experience,2,0,0
p01,docx,textbox,name,1,0,0
p01,docx,textbox,email,0,0,1
p01,docx,textbox,phone,0,0,1
p01,docx,textbox,degree_level,1,0,0
p01,docx,textbox,field_of_study,1,0,0
p01,docx,textbox,school,1,0,0
p01,docx,textbox,grad_date,1,0,0
p01,docx,textbox,gpa,1,0,0
p01,docx,textbox,skills,0,0,10
p01,docx,textbox,experience,2,0,0
p02,pdf,single,name,1,0,0
p02,pdf,single,email,1,0,0
p02,pdf,single,phone,1,0,0
p02,pdf,single,degree_level,1,0,0
p02,pdf,single,field_of_study,1,0,0
p02,pdf,single,school,1,0,0
p02,pdf,single,grad_date,1,0,0
p02,pdf,single,gpa,1,0,0
p02,pdf,single,skills,8,0,0
p02,pdf,single,experience,2,0,0
p02,pdf,two_column,name,1,0,0
p02,pdf,two_column,email,1,0,0
p02,pdf,two_column,phone,1,0,0
p02,pdf,two_column,degree_level,1,0,0
p02,pdf,two_column,field_of_study,1,0,0
p02,pdf,two_column,school,1,0,0
p02,pdf,two_column,grad_date,1,0,0
p02,pdf,two_column,gpa,1,0,0
p02,pdf,two_column,skills,0,0,8
p02,pdf,two_column,experience,0,0,2
p02,pdf,table,name,1,0,0
p02,pdf,table,email,1,0,0
p02,pdf,table,phone,1,0,0
p02,pdf,table,degree_level,0,0,1
p02,pdf,table,field_of_study,0,0,1
p02,pdf,table,school,0,0,1
p02,pdf,table,grad_date,0,0,1
p02,pdf,table,gpa,1,0,0
p02,pdf,table,skills,0,0,8
p02,pdf,table,experience,0,0,2
p02,pdf,textbox,name,0,0,1
p02,pdf,textbox,email,1,0,0
p02,pdf,textbox,phone,1,0,0
p02,pdf,textbox,degree_level,1,0,0
p02,pdf,textbox,field_of_study,1,0,0
p02,pdf,textbox,school,1,0,0
p02,pdf,textbox,grad_date,1,0,0
p02,pdf,textbox,gpa,1,0,0
p02,pdf,textbox,skills,0,0,8
p02,pdf,textbox,experience,2,0,0
p02,docx,single,name,1,0,0
p02,docx,single,email,1,0,0
p02,docx,single,phone,1,0,0
p02,docx,single,degree_level,1,0,0
p02,docx,single,field_of_study,1,0,0
p02,docx,single,school,1,0,0
p02,docx,single,grad_date,1,0,0
p02,docx,single,gpa,1,0,0
p02,docx,single,skills,8,0,0
p02,docx,single,experience,2,0,0
p02,docx,two_column,name,1,0,0
p02,docx,two_column,email,1,0,0
p02,docx,two_column,phone,1,0,0
p02,docx,two_column,degree_level,1,0,0
p02,docx,two_column,field_of_study,1,0,0
p02,docx,two_column,school,1,0,0
p02,docx,two_column,grad_date,1,0,0
p02,docx,two_column,gpa,1,0,0
p02,docx,two_column,skills,8,0,0
p02,docx,two_column,experience,2,0,0
p02,docx,table,name,1,0,0
p02,docx,table,email,1,0,0
p02,docx,table,phone,1,0,0
p02,docx,table,degree_level,1,0,0
p02,docx,table,field_of_study,1,0,0
p02,docx,table,school,1,0,0
p02,docx,table,grad_date,1,0,0
p02,docx,table,gpa,1,0,0
p02,docx,table,skills,8,0,0
p02,docx,table,experience,2,0,0
p02,docx,textbox,name,1,0,0
p02,docx,textbox,email,0,0,1
p02,docx,textbox,phone,0,0,1
p02,docx,textbox,degree_level,1,0,0
p02,docx,textbox,field_of_study,1,0,0
p02,docx,textbox,school,1,0,0
p02,docx,textbox,grad_date,1,0,0
p02,docx,textbox,gpa,1,0,0
p02,docx,textbox,skills,0,0,8
p02,docx,textbox,experience,2,0,0
p03,pdf,single,name,1,0,0
p03,pdf,single,email,1,0,0
p03,pdf,single,phone,1,0,0
p03,pdf,single,degree_level,1,0,0
p03,pdf,single,field_of_study,1,0,0
p03,pdf,single,school,1,0,0
p03,pdf,single,grad_date,1,0,0
p03,pdf,single,gpa,1,0,0
p03,pdf,single,skills,9,0,0
p03,pdf,single,experience,2,0,0
p03,pdf,two_column,name,1,0,0
p03,pdf,two_column,email,1,0,0
p03,pdf,two_column,phone,1,0,0
p03,pdf,two_column,degree_level,1,0,0
p03,pdf,two_column,field_of_study,1,0,0
p03,pdf,two_column,school,1,0,0
p03,pdf,two_column,grad_date,1,0,0
p03,pdf,two_column,gpa,1,0,0
p03,pdf,two_column,skills,7,2,2
p03,pdf,two_column,experience,0,0,2
p03,pdf,table,name,1,0,0
p03,pdf,table,email,1,0,0
p03,pdf,table,phone,1,0,0
p03,pdf,table,degree_level,0,0,1
p03,pdf,table,field_of_study,0,0,1
p03,pdf,table,school,0,0,1
p03,pdf,table,grad_date,0,0,1
p03,pdf,table,gpa,1,0,0
p03,pdf,table,skills,0,0,9
p03,pdf,table,experience,0,0,2
p03,pdf,textbox,name,0,0,1
p03,pdf,textbox,email,1,0,0
p03,pdf,textbox,phone,1,0,0
p03,pdf,textbox,degree_level,1,0,0
p03,pdf,textbox,field_of_study,1,0,0
p03,pdf,textbox,school,1,0,0
p03,pdf,textbox,grad_date,1,0,0
p03,pdf,textbox,gpa,1,0,0
p03,pdf,textbox,skills,0,0,9
p03,pdf,textbox,experience,1,0,1
p03,docx,single,name,1,0,0
p03,docx,single,email,1,0,0
p03,docx,single,phone,1,0,0
p03,docx,single,degree_level,1,0,0
p03,docx,single,field_of_study,1,0,0
p03,docx,single,school,1,0,0
p03,docx,single,grad_date,1,0,0
p03,docx,single,gpa,1,0,0
p03,docx,single,skills,9,0,0
p03,docx,single,experience,2,0,0
p03,docx,two_column,name,1,0,0
p03,docx,two_column,email,1,0,0
p03,docx,two_column,phone,1,0,0
p03,docx,two_column,degree_level,1,0,0
p03,docx,two_column,field_of_study,1,0,0
p03,docx,two_column,school,1,0,0
p03,docx,two_column,grad_date,1,0,0
p03,docx,two_column,gpa,1,0,0
p03,docx,two_column,skills,9,0,0
p03,docx,two_column,experience,2,0,0
p03,docx,table,name,1,0,0
p03,docx,table,email,1,0,0
p03,docx,table,phone,1,0,0
p03,docx,table,degree_level,1,0,0
p03,docx,table,field_of_study,1,0,0
p03,docx,table,school,1,0,0
p03,docx,table,grad_date,1,0,0
p03,docx,table,gpa,1,0,0
p03,docx,table,skills,9,0,0
p03,docx,table,experience,2,0,0
p03,docx,textbox,name,1,0,0
p03,docx,textbox,email,0,0,1
p03,docx,textbox,phone,0,0,1
p03,docx,textbox,degree_level,1,0,0
p03,docx,textbox,field_of_study,1,0,0
p03,docx,textbox,school,1,0,0
p03,docx,textbox,grad_date,1,0,0
p03,docx,textbox,gpa,1,0,0
p03,docx,textbox,skills,0,0,9
p03,docx,textbox,experience,2,0,0
p04,pdf,single,name,1,0,0
p04,pdf,single,email,1,0,0
p04,pdf,single,phone,1,0,0
p04,pdf,single,degree_level,1,0,0
p04,pdf,single,field_of_study,1,0,0
p04,pdf,single,school,1,0,0
p04,pdf,single,grad_date,1,0,0
p04,pdf,single,gpa,1,0,0
p04,pdf,single,skills,7,0,0
p04,pdf,single,experience,2,0,0
p04,pdf,two_column,name,1,0,0
p04,pdf,two_column,email,1,0,0
p04,pdf,two_column,phone,1,0,0
p04,pdf,two_column,degree_level,1,0,0
p04,pdf,two_column,field_of_study,1,0,0
p04,pdf,two_column,school,1,0,0
p04,pdf,two_column,grad_date,1,0,0
p04,pdf,two_column,gpa,1,0,0
p04,pdf,two_column,skills,0,0,7
p04,pdf,two_column,experience,0,0,2
p04,pdf,table,name,1,0,0
p04,pdf,table,email,1,0,0
p04,pdf,table,phone,1,0,0
p04,pdf,table,degree_level,0,0,1
p04,pdf,table,field_of_study,0,0,1
p04,pdf,table,school,0,0,1
p04,pdf,table,grad_date,0,0,1
p04,pdf,table,gpa,1,0,0
p04,pdf,table,skills,0,0,7
p04,pdf,table,experience,0,0,2
p04,pdf,textbox,name,0,0,1
p04,pdf,textbox,email,1,0,0
p04,pdf,textbox,phone,1,0,0
p04,pdf,textbox,degree_level,1,0,0
p04,pdf,textbox,field_of_study,1,0,0
p04,pdf,textbox,school,1,0,0
p04,pdf,textbox,grad_date,1,0,0
p04,pdf,textbox,gpa,1,0,0
p04,pdf,textbox,skills,0,0,7
p04,pdf,textbox,experience,2,0,0
p04,docx,single,name,1,0,0
p04,docx,single,email,1,0,0
p04,docx,single,phone,1,0,0
p04,docx,single,degree_level,1,0,0
p04,docx,single,field_of_study,1,0,0
p04,docx,single,school,1,0,0
p04,docx,single,grad_date,1,0,0
p04,docx,single,gpa,1,0,0
p04,docx,single,skills,7,0,0
p04,docx,single,experience,2,0,0
p04,docx,two_column,name,1,0,0
p04,docx,two_column,email,1,0,0
p04,docx,two_column,phone,1,0,0
p04,docx,two_column,degree_level,1,0,0
p04,docx,two_column,field_of_study,1,0,0
p04,docx,two_column,school,1,0,0
p04,docx,two_column,grad_date,1,0,0
p04,docx,two_column,gpa,1,0,0
p04,docx,two_column,skills,7,0,0
p04,docx,two_column,experience,2,0,0
p04,docx,table,name,1,0,0
p04,docx,table,email,1,0,0
p04,docx,table,phone,1,0,0
p04,docx,table,degree_level,1,0,0
p04,docx,table,field_of_study,1,0,0
p04,docx,table,school,1,0,0
p04,docx,table,grad_date,1,0,0
p04,docx,table,gpa,1,0,0
p04,docx,table,skills,7,0,0
p04,docx,table,experience,2,0,0
p04,docx,textbox,name,1,0,0
p04,docx,textbox,email,0,0,1
p04,docx,textbox,phone,0,0,1
p04,docx,textbox,degree_level,1,0,0
p04,docx,textbox,field_of_study,1,0,0
p04,docx,textbox,school,1,0,0
p04,docx,textbox,grad_date,1,0,0
p04,docx,textbox,gpa,1,0,0
p04,docx,textbox,skills,0,0,7
p04,docx,textbox,experience,2,0,0
p05,pdf,single,name,1,0,0
p05,pdf,single,email,1,0,0
p05,pdf,single,phone,1,0,0
p05,pdf,single,degree_level,1,0,0
p05,pdf,single,field_of_study,1,0,0
p05,pdf,single,school,1,0,0
p05,pdf,single,grad_date,1,0,0
p05,pdf,single,gpa,1,0,0
p05,pdf,single,skills,6,0,0
p05,pdf,single,experience,2,0,0
p05,pdf,two_column,name,1,0,0
p05,pdf,two_column,email,1,0,0
p05,pdf,two_column,phone,1,0,0
p05,pdf,two_column,degree_level,1,0,0
p05,pdf,two_column,field_of_study,1,0,0
p05,pdf,two_column,school,1,0,0
p05,pdf,two_column,grad_date,1,0,0
p05,pdf,two_column,gpa,1,0,0
p05,pdf,two_column,skills,0,0,6
p05,pdf,two_column,experience,0,0,2
p05,pdf,table,name,1,0,0
p05,pdf,table,email,1,0,0
p05,pdf,table,phone,1,0,0
p05,pdf,table,degree_level,0,0,1
p05,pdf,table,field_of_study,0,0,1
p05,pdf,table,school,0,0,1
p05,pdf,table,grad_date,0,0,1
p05,pdf,table,gpa,1,0,0
p05,pdf,table,skills,0,0,6
p05,pdf,table,experience,0,0,2
p05,pdf,textbox,name,0,0,1
p05,pdf,textbox,email,1,0,0
p05,pdf,textbox,phone,1,0,0
p05,pdf,textbox,degree_level,1,0,0
p05,pdf,textbox,field_of_study,1,0,0
p05,pdf,textbox,school,1,0,0
p05,pdf,textbox,grad_date,1,0,0
p05,pdf,textbox,gpa,1,0,0
p05,pdf,textbox,skills,0,0,6
p05,pdf,textbox,experience,2,0,0
p05,docx,single,name,1,0,0
p05,docx,single,email,1,0,0
p05,docx,single,phone,1,0,0
p05,docx,single,degree_level,1,0,0
p05,docx,single,field_of_study,1,0,0
p05,docx,single,school,1,0,0
p05,docx,single,grad_date,1,0,0
p05,docx,single,gpa,1,0,0
p05,docx,single,skills,6,0,0
p05,docx,single,experience,2,0,0
p05,docx,two_column,name,1,0,0
p05,docx,two_column,email,1,0,0
p05,docx,two_column,phone,1,0,0
p05,docx,two_column,degree_level,1,0,0
p05,docx,two_column,field_of_study,1,0,0
p05,docx,two_column,school,1,0,0
p05,docx,two_column,grad_date,1,0,0
p05,docx,two_column,gpa,1,0,0
p05,docx,two_column,skills,6,0,0
p05,docx,two_column,experience,2,0,0
p05,docx,table,name,1,0,0
p05,docx,table,email,1,0,0
p05,docx,table,phone,1,0,0
p05,docx,table,degree_level,1,0,0
p05,docx,table,field_of_study,1,0,0
p05,docx,table,school,1,0,0
p05,docx,table,grad_date,1,0,0
p05,docx,table,gpa,1,0,0
p05,docx,table,skills,6,0,0
p05,docx,table,experience,2,0,0
p05,docx,textbox,name,1,0,0
p05,docx,textbox,email,0,0,1
p05,docx,textbox,phone,0,0,1
p05,docx,textbox,degree_level,1,0,0
p05,docx,textbox,field_of_study,1,0,0
p05,docx,textbox,school,1,0,0
p05,docx,textbox,grad_date,1,0,0
p05,docx,textbox,gpa,1,0,0
p05,docx,textbox,skills,0,0,6
p05,docx,textbox,experience,2,0,0
p06,pdf,single,name,1,0,0
p06,pdf,single,email,1,0,0
p06,pdf,single,phone,1,0,0
p06,pdf,single,degree_level,1,0,0
p06,pdf,single,field_of_study,1,0,0
p06,pdf,single,school,1,0,0
p06,pdf,single,grad_date,1,0,0
p06,pdf,single,gpa,1,0,0
p06,pdf,single,skills,7,0,0
p06,pdf,single,experience,2,0,0
p06,pdf,two_column,name,1,0,0
p06,pdf,two_column,email,1,0,0
p06,pdf,two_column,phone,1,0,0
p06,pdf,two_column,degree_level,0,0,1
p06,pdf,two_column,field_of_study,0,0,1
p06,pdf,two_column,school,0,0,1
p06,pdf,two_column,grad_date,0,0,1
p06,pdf,two_column,gpa,1,0,0
p06,pdf,two_column,skills,7,0,0
p06,pdf,two_column,experience,0,0,2
p06,pdf,table,name,1,0,0
p06,pdf,table,email,1,0,0
p06,pdf,table,phone,1,0,0
p06,pdf,table,degree_level,0,0,1
p06,pdf,table,field_of_study,0,0,1
p06,pdf,table,school,0,0,1
p06,pdf,table,grad_date,0,0,1
p06,pdf,table,gpa,1,0,0
p06,pdf,table,skills,0,0,7
p06,pdf,table,experience,0,0,2
p06,pdf,textbox,name,0,0,1
p06,pdf,textbox,email,1,0,0
p06,pdf,textbox,phone,1,0,0
p06,pdf,textbox,degree_level,1,0,0
p06,pdf,textbox,field_of_study,1,0,0
p06,pdf,textbox,school,1,0,0
p06,pdf,textbox,grad_date,1,0,0
p06,pdf,textbox,gpa,1,0,0
p06,pdf,textbox,skills,0,0,7
p06,pdf,textbox,experience,2,0,0
p06,docx,single,name,1,0,0
p06,docx,single,email,1,0,0
p06,docx,single,phone,1,0,0
p06,docx,single,degree_level,1,0,0
p06,docx,single,field_of_study,1,0,0
p06,docx,single,school,1,0,0
p06,docx,single,grad_date,1,0,0
p06,docx,single,gpa,1,0,0
p06,docx,single,skills,7,0,0
p06,docx,single,experience,2,0,0
p06,docx,two_column,name,1,0,0
p06,docx,two_column,email,1,0,0
p06,docx,two_column,phone,1,0,0
p06,docx,two_column,degree_level,1,0,0
p06,docx,two_column,field_of_study,1,0,0
p06,docx,two_column,school,1,0,0
p06,docx,two_column,grad_date,1,0,0
p06,docx,two_column,gpa,1,0,0
p06,docx,two_column,skills,7,0,0
p06,docx,two_column,experience,2,0,0
p06,docx,table,name,1,0,0
p06,docx,table,email,1,0,0
p06,docx,table,phone,1,0,0
p06,docx,table,degree_level,1,0,0
p06,docx,table,field_of_study,1,0,0
p06,docx,table,school,1,0,0
p06,docx,table,grad_date,1,0,0
p06,docx,table,gpa,1,0,0
p06,docx,table,skills,7,0,0
p06,docx,table,experience,2,0,0
p06,docx,textbox,name,1,0,0
p06,docx,textbox,email,0,0,1
p06,docx,textbox,phone,0,0,1
p06,docx,textbox,degree_level,1,0,0
p06,docx,textbox,field_of_study,1,0,0
p06,docx,textbox,school,1,0,0
p06,docx,textbox,grad_date,1,0,0
p06,docx,textbox,gpa,1,0,0
p06,docx,textbox,skills,0,0,7
p06,docx,textbox,experience,2,0,0
p07,pdf,single,name,1,0,0
p07,pdf,single,email,1,0,0
p07,pdf,single,phone,1,0,0
p07,pdf,single,degree_level,1,0,0
p07,pdf,single,field_of_study,1,0,0
p07,pdf,single,school,1,0,0
p07,pdf,single,grad_date,1,0,0
p07,pdf,single,gpa,1,0,0
p07,pdf,single,skills,9,0,0
p07,pdf,single,experience,2,0,0
p07,pdf,two_column,name,1,0,0
p07,pdf,two_column,email,1,0,0
p07,pdf,two_column,phone,1,0,0
p07,pdf,two_column,degree_level,1,0,0
p07,pdf,two_column,field_of_study,1,0,0
p07,pdf,two_column,school,1,0,0
p07,pdf,two_column,grad_date,0,1,1
p07,pdf,two_column,gpa,1,0,0
p07,pdf,two_column,skills,0,0,9
p07,pdf,two_column,experience,0,0,2
p07,pdf,table,name,1,0,0
p07,pdf,table,email,1,0,0
p07,pdf,table,phone,1,0,0
p07,pdf,table,degree_level,0,0,1
p07,pdf,table,field_of_study,0,0,1
p07,pdf,table,school,0,0,1
p07,pdf,table,grad_date,0,0,1
p07,pdf,table,gpa,1,0,0
p07,pdf,table,skills,0,0,9
p07,pdf,table,experience,0,0,2
p07,pdf,textbox,name,0,0,1
p07,pdf,textbox,email,1,0,0
p07,pdf,textbox,phone,1,0,0
p07,pdf,textbox,degree_level,1,0,0
p07,pdf,textbox,field_of_study,1,0,0
p07,pdf,textbox,school,1,0,0
p07,pdf,textbox,grad_date,1,0,0
p07,pdf,textbox,gpa,1,0,0
p07,pdf,textbox,skills,0,0,9
p07,pdf,textbox,experience,2,0,0
p07,docx,single,name,1,0,0
p07,docx,single,email,1,0,0
p07,docx,single,phone,1,0,0
p07,docx,single,degree_level,1,0,0
p07,docx,single,field_of_study,1,0,0
p07,docx,single,school,1,0,0
p07,docx,single,grad_date,1,0,0
p07,docx,single,gpa,1,0,0
p07,docx,single,skills,9,0,0
p07,docx,single,experience,2,0,0
p07,docx,two_column,name,1,0,0
p07,docx,two_column,email,1,0,0
p07,docx,two_column,phone,1,0,0
p07,docx,two_column,degree_level,1,0,0
p07,docx,two_column,field_of_study,1,0,0
p07,docx,two_column,school,1,0,0
p07,docx,two_column,grad_date,1,0,0
p07,docx,two_column,gpa,1,0,0
p07,docx,two_column,skills,9,0,0
p07,docx,two_column,experience,2,0,0
p07,docx,table,name,1,0,0
p07,docx,table,email,1,0,0
p07,docx,table,phone,1,0,0
p07,docx,table,degree_level,1,0,0
p07,docx,table,field_of_study,1,0,0
p07,docx,table,school,1,0,0
p07,docx,table,grad_date,1,0,0
p07,docx,table,gpa,1,0,0
p07,docx,table,skills,9,0,0
p07,docx,table,experience,2,0,0
p07,docx,textbox,name,1,0,0
p07,docx,textbox,email,0,0,1
p07,docx,textbox,phone,0,0,1
p07,docx,textbox,degree_level,1,0,0
p07,docx,textbox,field_of_study,1,0,0
p07,docx,textbox,school,1,0,0
p07,docx,textbox,grad_date,1,0,0
p07,docx,textbox,gpa,1,0,0
p07,docx,textbox,skills,0,0,9
p07,docx,textbox,experience,2,0,0
p08,pdf,single,name,1,0,0
p08,pdf,single,email,1,0,0
p08,pdf,single,phone,1,0,0
p08,pdf,single,degree_level,1,0,0
p08,pdf,single,field_of_study,1,0,0
p08,pdf,single,school,1,0,0
p08,pdf,single,grad_date,1,0,0
p08,pdf,single,gpa,1,0,0
p08,pdf,single,skills,7,0,0
p08,pdf,single,experience,2,0,0
p08,pdf,two_column,name,1,0,0
p08,pdf,two_column,email,1,0,0
p08,pdf,two_column,phone,1,0,0
p08,pdf,two_column,degree_level,1,0,0
p08,pdf,two_column,field_of_study,1,0,0
p08,pdf,two_column,school,1,0,0
p08,pdf,two_column,grad_date,1,0,0
p08,pdf,two_column,gpa,1,0,0
p08,pdf,two_column,skills,5,2,2
p08,pdf,two_column,experience,0,0,2
p08,pdf,table,name,1,0,0
p08,pdf,table,email,1,0,0
p08,pdf,table,phone,1,0,0
p08,pdf,table,degree_level,0,0,1
p08,pdf,table,field_of_study,0,0,1
p08,pdf,table,school,0,0,1
p08,pdf,table,grad_date,0,0,1
p08,pdf,table,gpa,1,0,0
p08,pdf,table,skills,0,0,7
p08,pdf,table,experience,0,0,2
p08,pdf,textbox,name,0,0,1
p08,pdf,textbox,email,1,0,0
p08,pdf,textbox,phone,1,0,0
p08,pdf,textbox,degree_level,1,0,0
p08,pdf,textbox,field_of_study,1,0,0
p08,pdf,textbox,school,1,0,0
p08,pdf,textbox,grad_date,1,0,0
p08,pdf,textbox,gpa,1,0,0
p08,pdf,textbox,skills,0,0,7
p08,pdf,textbox,experience,1,0,1
p08,docx,single,name,1,0,0
p08,docx,single,email,1,0,0
p08,docx,single,phone,1,0,0
p08,docx,single,degree_level,1,0,0
p08,docx,single,field_of_study,1,0,0
p08,docx,single,school,1,0,0
p08,docx,single,grad_date,1,0,0
p08,docx,single,gpa,1,0,0
p08,docx,single,skills,7,0,0
p08,docx,single,experience,2,0,0
p08,docx,two_column,name,1,0,0
p08,docx,two_column,email,1,0,0
p08,docx,two_column,phone,1,0,0
p08,docx,two_column,degree_level,1,0,0
p08,docx,two_column,field_of_study,1,0,0
p08,docx,two_column,school,1,0,0
p08,docx,two_column,grad_date,1,0,0
p08,docx,two_column,gpa,1,0,0
p08,docx,two_column,skills,7,0,0
p08,docx,two_column,experience,2,0,0
p08,docx,table,name,1,0,0
p08,docx,table,email,1,0,0
p08,docx,table,phone,1,0,0
p08,docx,table,degree_level,1,0,0
p08,docx,table,field_of_study,1,0,0
p08,docx,table,school,1,0,0
p08,docx,table,grad_date,1,0,0
p08,docx,table,gpa,1,0,0
p08,docx,table,skills,7,0,0
p08,docx,table,experience,2,0,0
p08,docx,textbox,name,1,0,0
p08,docx,textbox,email,0,0,1
p08,docx,textbox,phone,0,0,1
p08,docx,textbox,degree_level,1,0,0
p08,docx,textbox,field_of_study,1,0,0
p08,docx,textbox,school,1,0,0
p08,docx,textbox,grad_date,1,0,0
p08,docx,textbox,gpa,1,0,0
p08,docx,textbox,skills,0,0,7
p08,docx,textbox,experience,2,0,0
p09,pdf,single,name,1,0,0
p09,pdf,single,email,1,0,0
p09,pdf,single,phone,1,0,0
p09,pdf,single,degree_level,1,0,0
p09,pdf,single,field_of_study,1,0,0
p09,pdf,single,school,1,0,0
p09,pdf,single,grad_date,1,0,0
p09,pdf,single,gpa,1,0,0
p09,pdf,single,skills,6,0,0
p09,pdf,single,experience,2,0,0
p09,pdf,two_column,name,1,0,0
p09,pdf,two_column,email,1,0,0
p09,pdf,two_column,phone,1,0,0
p09,pdf,two_column,degree_level,1,0,0
p09,pdf,two_column,field_of_study,1,0,0
p09,pdf,two_column,school,1,0,0
p09,pdf,two_column,grad_date,1,0,0
p09,pdf,two_column,gpa,1,0,0
p09,pdf,two_column,skills,4,2,2
p09,pdf,two_column,experience,0,0,2
p09,pdf,table,name,1,0,0
p09,pdf,table,email,1,0,0
p09,pdf,table,phone,1,0,0
p09,pdf,table,degree_level,0,0,1
p09,pdf,table,field_of_study,0,0,1
p09,pdf,table,school,0,0,1
p09,pdf,table,grad_date,0,0,1
p09,pdf,table,gpa,1,0,0
p09,pdf,table,skills,0,0,6
p09,pdf,table,experience,0,0,2
p09,pdf,textbox,name,0,0,1
p09,pdf,textbox,email,1,0,0
p09,pdf,textbox,phone,1,0,0
p09,pdf,textbox,degree_level,1,0,0
p09,pdf,textbox,field_of_study,1,0,0
p09,pdf,textbox,school,1,0,0
p09,pdf,textbox,grad_date,1,0,0
p09,pdf,textbox,gpa,1,0,0
p09,pdf,textbox,skills,0,0,6
p09,pdf,textbox,experience,0,0,2
p09,docx,single,name,1,0,0
p09,docx,single,email,1,0,0
p09,docx,single,phone,1,0,0
p09,docx,single,degree_level,1,0,0
p09,docx,single,field_of_study,1,0,0
p09,docx,single,school,1,0,0
p09,docx,single,grad_date,1,0,0
p09,docx,single,gpa,1,0,0
p09,docx,single,skills,6,0,0
p09,docx,single,experience,2,0,0
p09,docx,two_column,name,1,0,0
p09,docx,two_column,email,1,0,0
p09,docx,two_column,phone,1,0,0
p09,docx,two_column,degree_level,1,0,0
p09,docx,two_column,field_of_study,1,0,0
p09,docx,two_column,school,1,0,0
p09,docx,two_column,grad_date,1,0,0
p09,docx,two_column,gpa,1,0,0
p09,docx,two_column,skills,6,0,0
p09,docx,two_column,experience,2,0,0
p09,docx,table,name,1,0,0
p09,docx,table,email,1,0,0
p09,docx,table,phone,1,0,0
p09,docx,table,degree_level,1,0,0
p09,docx,table,field_of_study,1,0,0
p09,docx,table,school,1,0,0
p09,docx,table,grad_date,1,0,0
p09,docx,table,gpa,1,0,0
p09,docx,table,skills,6,0,0
p09,docx,table,experience,2,0,0
p09,docx,textbox,name,1,0,0
p09,docx,textbox,email,0,0,1
p09,docx,textbox,phone,0,0,1
p09,docx,textbox,degree_level,1,0,0
p09,docx,textbox,field_of_study,1,0,0
p09,docx,textbox,school,1,0,0
p09,docx,textbox,grad_date,1,0,0
p09,docx,textbox,gpa,1,0,0
p09,docx,textbox,skills,0,0,6
p09,docx,textbox,experience,2,0,0
p10,pdf,single,name,1,0,0
p10,pdf,single,email,1,0,0
p10,pdf,single,phone,1,0,0
p10,pdf,single,degree_level,1,0,0
p10,pdf,single,field_of_study,1,0,0
p10,pdf,single,school,1,0,0
p10,pdf,single,grad_date,1,0,0
p10,pdf,single,gpa,1,0,0
p10,pdf,single,skills,5,0,0
p10,pdf,single,experience,2,0,0
p10,pdf,two_column,name,1,0,0
p10,pdf,two_column,email,1,0,0
p10,pdf,two_column,phone,1,0,0
p10,pdf,two_column,degree_level,0,0,1
p10,pdf,two_column,field_of_study,0,0,1
p10,pdf,two_column,school,0,0,1
p10,pdf,two_column,grad_date,0,0,1
p10,pdf,two_column,gpa,1,0,0
p10,pdf,two_column,skills,0,0,5
p10,pdf,two_column,experience,0,0,2
p10,pdf,table,name,1,0,0
p10,pdf,table,email,1,0,0
p10,pdf,table,phone,1,0,0
p10,pdf,table,degree_level,0,0,1
p10,pdf,table,field_of_study,0,0,1
p10,pdf,table,school,0,0,1
p10,pdf,table,grad_date,0,0,1
p10,pdf,table,gpa,1,0,0
p10,pdf,table,skills,0,0,5
p10,pdf,table,experience,0,0,2
p10,pdf,textbox,name,0,0,1
p10,pdf,textbox,email,1,0,0
p10,pdf,textbox,phone,1,0,0
p10,pdf,textbox,degree_level,1,0,0
p10,pdf,textbox,field_of_study,1,0,0
p10,pdf,textbox,school,1,0,0
p10,pdf,textbox,grad_date,1,0,0
p10,pdf,textbox,gpa,1,0,0
p10,pdf,textbox,skills,0,0,5
p10,pdf,textbox,experience,1,0,1
p10,docx,single,name,1,0,0
p10,docx,single,email,1,0,0
p10,docx,single,phone,1,0,0
p10,docx,single,degree_level,1,0,0
p10,docx,single,field_of_study,1,0,0
p10,docx,single,school,1,0,0
p10,docx,single,grad_date,1,0,0
p10,docx,single,gpa,1,0,0
p10,docx,single,skills,5,0,0
p10,docx,single,experience,2,0,0
p10,docx,two_column,name,1,0,0
p10,docx,two_column,email,1,0,0
p10,docx,two_column,phone,1,0,0
p10,docx,two_column,degree_level,1,0,0
p10,docx,two_column,field_of_study,1,0,0
p10,docx,two_column,school,1,0,0
p10,docx,two_column,grad_date,1,0,0
p10,docx,two_column,gpa,1,0,0
p10,docx,two_column,skills,5,0,0
p10,docx,two_column,experience,2,0,0
p10,docx,table,name,1,0,0
p10,docx,table,email,1,0,0
p10,docx,table,phone,1,0,0
p10,docx,table,degree_level,1,0,0
p10,docx,table,field_of_study,1,0,0
p10,docx,table,school,1,0,0
p10,docx,table,grad_date,1,0,0
p10,docx,table,gpa,1,0,0
p10,docx,table,skills,5,0,0
p10,docx,table,experience,2,0,0
p10,docx,textbox,name,1,0,0
p10,docx,textbox,email,0,0,1
p10,docx,textbox,phone,0,0,1
p10,docx,textbox,degree_level,1,0,0
p10,docx,textbox,field_of_study,1,0,0
p10,docx,textbox,school,1,0,0
p10,docx,textbox,grad_date,1,0,0
p10,docx,textbox,gpa,1,0,0
p10,docx,textbox,skills,0,0,5
p10,docx,textbox,experience,2,0,0
p11,pdf,single,name,1,0,0
p11,pdf,single,email,1,0,0
p11,pdf,single,phone,1,0,0
p11,pdf,single,degree_level,1,0,0
p11,pdf,single,field_of_study,1,0,0
p11,pdf,single,school,1,0,0
p11,pdf,single,grad_date,1,0,0
p11,pdf,single,gpa,0,0,0
p11,pdf,single,skills,7,0,0
p11,pdf,single,experience,2,0,0
p11,pdf,two_column,name,1,0,0
p11,pdf,two_column,email,1,0,0
p11,pdf,two_column,phone,1,0,0
p11,pdf,two_column,degree_level,1,0,0
p11,pdf,two_column,field_of_study,1,0,0
p11,pdf,two_column,school,1,0,0
p11,pdf,two_column,grad_date,1,0,0
p11,pdf,two_column,gpa,0,0,0
p11,pdf,two_column,skills,0,0,7
p11,pdf,two_column,experience,0,0,2
p11,pdf,table,name,1,0,0
p11,pdf,table,email,1,0,0
p11,pdf,table,phone,1,0,0
p11,pdf,table,degree_level,0,0,1
p11,pdf,table,field_of_study,0,0,1
p11,pdf,table,school,0,0,1
p11,pdf,table,grad_date,0,0,1
p11,pdf,table,gpa,0,0,0
p11,pdf,table,skills,0,0,7
p11,pdf,table,experience,0,0,2
p11,pdf,textbox,name,0,0,1
p11,pdf,textbox,email,1,0,0
p11,pdf,textbox,phone,1,0,0
p11,pdf,textbox,degree_level,1,0,0
p11,pdf,textbox,field_of_study,1,0,0
p11,pdf,textbox,school,1,0,0
p11,pdf,textbox,grad_date,1,0,0
p11,pdf,textbox,gpa,0,0,0
p11,pdf,textbox,skills,0,0,7
p11,pdf,textbox,experience,1,0,1
p11,docx,single,name,1,0,0
p11,docx,single,email,1,0,0
p11,docx,single,phone,1,0,0
p11,docx,single,degree_level,1,0,0
p11,docx,single,field_of_study,1,0,0
p11,docx,single,school,1,0,0
p11,docx,single,grad_date,1,0,0
p11,docx,single,gpa,0,0,0
p11,docx,single,skills,7,0,0
p11,docx,single,experience,2,0,0
p11,docx,two_column,name,1,0,0
p11,docx,two_column,email,1,0,0
p11,docx,two_column,phone,1,0,0
p11,docx,two_column,degree_level,1,0,0
p11,docx,two_column,field_of_study,1,0,0
p11,docx,two_column,school,1,0,0
p11,docx,two_column,grad_date,1,0,0
p11,docx,two_column,gpa,0,0,0
p11,docx,two_column,skills,7,0,0
p11,docx,two_column,experience,2,0,0
p11,docx,table,name,1,0,0
p11,docx,table,email,1,0,0
p11,docx,table,phone,1,0,0
p11,docx,table,degree_level,1,0,0
p11,docx,table,field_of_study,1,0,0
p11,docx,table,school,1,0,0
p11,docx,table,grad_date,1,0,0
p11,docx,table,gpa,0,0,0
p11,docx,table,skills,7,0,0
p11,docx,table,experience,2,0,0
p11,docx,textbox,name,1,0,0
p11,docx,textbox,email,0,0,1
p11,docx,textbox,phone,0,0,1
p11,docx,textbox,degree_level,1,0,0
p11,docx,textbox,field_of_study,1,0,0
p11,docx,textbox,school,1,0,0
p11,docx,textbox,grad_date,1,0,0
p11,docx,textbox,gpa,0,0,0
p11,docx,textbox,skills,0,0,7
p11,docx,textbox,experience,2,0,0
p12,pdf,single,name,1,0,0
p12,pdf,single,email,1,0,0
p12,pdf,single,phone,1,0,0
p12,pdf,single,degree_level,1,0,0
p12,pdf,single,field_of_study,1,0,0
p12,pdf,single,school,1,0,0
p12,pdf,single,grad_date,1,0,0
p12,pdf,single,gpa,1,0,0
p12,pdf,single,skills,8,0,0
p12,pdf,single,experience,2,0,0
p12,pdf,two_column,name,1,0,0
p12,pdf,two_column,email,1,0,0
p12,pdf,two_column,phone,1,0,0
p12,pdf,two_column,degree_level,1,0,0
p12,pdf,two_column,field_of_study,1,0,0
p12,pdf,two_column,school,0,1,1
p12,pdf,two_column,grad_date,0,1,1
p12,pdf,two_column,gpa,1,0,0
p12,pdf,two_column,skills,0,0,8
p12,pdf,two_column,experience,0,0,2
p12,pdf,table,name,1,0,0
p12,pdf,table,email,1,0,0
p12,pdf,table,phone,1,0,0
p12,pdf,table,degree_level,0,0,1
p12,pdf,table,field_of_study,0,0,1
p12,pdf,table,school,0,0,1
p12,pdf,table,grad_date,0,0,1
p12,pdf,table,gpa,1,0,0
p12,pdf,table,skills,0,0,8
p12,pdf,table,experience,0,0,2
p12,pdf,textbox,name,0,0,1
p12,pdf,textbox,email,1,0,0
p12,pdf,textbox,phone,1,0,0
p12,pdf,textbox,degree_level,1,0,0
p12,pdf,textbox,field_of_study,1,0,0
p12,pdf,textbox,school,1,0,0
p12,pdf,textbox,grad_date,1,0,0
p12,pdf,textbox,gpa,1,0,0
p12,pdf,textbox,skills,0,0,8
p12,pdf,textbox,experience,2,0,0
p12,docx,single,name,1,0,0
p12,docx,single,email,1,0,0
p12,docx,single,phone,1,0,0
p12,docx,single,degree_level,1,0,0
p12,docx,single,field_of_study,1,0,0
p12,docx,single,school,1,0,0
p12,docx,single,grad_date,1,0,0
p12,docx,single,gpa,1,0,0
p12,docx,single,skills,8,0,0
p12,docx,single,experience,2,0,0
p12,docx,two_column,name,1,0,0
p12,docx,two_column,email,1,0,0
p12,docx,two_column,phone,1,0,0
p12,docx,two_column,degree_level,1,0,0
p12,docx,two_column,field_of_study,1,0,0
p12,docx,two_column,school,1,0,0
p12,docx,two_column,grad_date,1,0,0
p12,docx,two_column,gpa,1,0,0
p12,docx,two_column,skills,8,0,0
p12,docx,two_column,experience,2,0,0
p12,docx,table,name,1,0,0
p12,docx,table,email,1,0,0
p12,docx,table,phone,1,0,0
p12,docx,table,degree_level,1,0,0
p12,docx,table,field_of_study,1,0,0
p12,docx,table,school,1,0,0
p12,docx,table,grad_date,1,0,0
p12,docx,table,gpa,1,0,0
p12,docx,table,skills,8,0,0
p12,docx,table,experience,2,0,0
p12,docx,textbox,name,1,0,0
p12,docx,textbox,email,0,0,1
p12,docx,textbox,phone,0,0,1
p12,docx,textbox,degree_level,1,0,0
p12,docx,textbox,field_of_study,1,0,0
p12,docx,textbox,school,1,0,0
p12,docx,textbox,grad_date,1,0,0
p12,docx,textbox,gpa,1,0,0
p12,docx,textbox,skills,0,0,8
p12,docx,textbox,experience,2,0,0
p13,pdf,single,name,1,0,0
p13,pdf,single,email,1,0,0
p13,pdf,single,phone,1,0,0
p13,pdf,single,degree_level,1,0,0
p13,pdf,single,field_of_study,1,0,0
p13,pdf,single,school,1,0,0
p13,pdf,single,grad_date,1,0,0
p13,pdf,single,gpa,1,0,0
p13,pdf,single,skills,7,0,0
p13,pdf,single,experience,2,0,0
p13,pdf,two_column,name,1,0,0
p13,pdf,two_column,email,1,0,0
p13,pdf,two_column,phone,1,0,0
p13,pdf,two_column,degree_level,1,0,0
p13,pdf,two_column,field_of_study,1,0,0
p13,pdf,two_column,school,1,0,0
p13,pdf,two_column,grad_date,1,0,0
p13,pdf,two_column,gpa,1,0,0
p13,pdf,two_column,skills,0,0,7
p13,pdf,two_column,experience,0,0,2
p13,pdf,table,name,1,0,0
p13,pdf,table,email,1,0,0
p13,pdf,table,phone,1,0,0
p13,pdf,table,degree_level,0,0,1
p13,pdf,table,field_of_study,0,0,1
p13,pdf,table,school,0,0,1
p13,pdf,table,grad_date,0,0,1
p13,pdf,table,gpa,1,0,0
p13,pdf,table,skills,0,0,7
p13,pdf,table,experience,0,0,2
p13,pdf,textbox,name,0,0,1
p13,pdf,textbox,email,1,0,0
p13,pdf,textbox,phone,1,0,0
p13,pdf,textbox,degree_level,1,0,0
p13,pdf,textbox,field_of_study,1,0,0
p13,pdf,textbox,school,1,0,0
p13,pdf,textbox,grad_date,1,0,0
p13,pdf,textbox,gpa,1,0,0
p13,pdf,textbox,skills,0,0,7
p13,pdf,textbox,experience,2,0,0
p13,docx,single,name,1,0,0
p13,docx,single,email,1,0,0
p13,docx,single,phone,1,0,0
p13,docx,single,degree_level,1,0,0
p13,docx,single,field_of_study,1,0,0
p13,docx,single,school,1,0,0
p13,docx,single,grad_date,1,0,0
p13,docx,single,gpa,1,0,0
p13,docx,single,skills,7,0,0
p13,docx,single,experience,2,0,0
p13,docx,two_column,name,1,0,0
p13,docx,two_column,email,1,0,0
p13,docx,two_column,phone,1,0,0
p13,docx,two_column,degree_level,1,0,0
p13,docx,two_column,field_of_study,1,0,0
p13,docx,two_column,school,1,0,0
p13,docx,two_column,grad_date,1,0,0
p13,docx,two_column,gpa,1,0,0
p13,docx,two_column,skills,7,0,0
p13,docx,two_column,experience,2,0,0
p13,docx,table,name,1,0,0
p13,docx,table,email,1,0,0
p13,docx,table,phone,1,0,0
p13,docx,table,degree_level,1,0,0
p13,docx,table,field_of_study,1,0,0
p13,docx,table,school,1,0,0
p13,docx,table,grad_date,1,0,0
p13,docx,table,gpa,1,0,0
p13,docx,table,skills,7,0,0
p13,docx,table,experience,2,0,0
p13,docx,textbox,name,1,0,0
p13,docx,textbox,email,0,0,1
p13,docx,textbox,phone,0,0,1
p13,docx,textbox,degree_level,1,0,0
p13,docx,textbox,field_of_study,1,0,0
p13,docx,textbox,school,1,0,0
p13,docx,textbox,grad_date,1,0,0
p13,docx,textbox,gpa,1,0,0
p13,docx,textbox,skills,0,0,7
p13,docx,textbox,experience,2,0,0
p14,pdf,single,name,1,0,0
p14,pdf,single,email,1,0,0
p14,pdf,single,phone,1,0,0
p14,pdf,single,degree_level,1,0,0
p14,pdf,single,field_of_study,1,0,0
p14,pdf,single,school,1,0,0
p14,pdf,single,grad_date,1,0,0
p14,pdf,single,gpa,1,0,0
p14,pdf,single,skills,6,0,0
p14,pdf,single,experience,2,0,0
p14,pdf,two_column,name,1,0,0
p14,pdf,two_column,email,1,0,0
p14,pdf,two_column,phone,1,0,0
p14,pdf,two_column,degree_level,0,0,1
p14,pdf,two_column,field_of_study,0,0,1
p14,pdf,two_column,school,0,0,1
p14,pdf,two_column,grad_date,0,0,1
p14,pdf,two_column,gpa,1,0,0
p14,pdf,two_column,skills,6,0,0
p14,pdf,two_column,experience,0,0,2
p14,pdf,table,name,1,0,0
p14,pdf,table,email,1,0,0
p14,pdf,table,phone,1,0,0
p14,pdf,table,degree_level,0,0,1
p14,pdf,table,field_of_study,0,0,1
p14,pdf,table,school,0,0,1
p14,pdf,table,grad_date,0,0,1
p14,pdf,table,gpa,1,0,0
p14,pdf,table,skills,0,0,6
p14,pdf,table,experience,0,0,2
p14,pdf,textbox,name,0,0,1
p14,pdf,textbox,email,1,0,0
p14,pdf,textbox,phone,1,0,0
p14,pdf,textbox,degree_level,1,0,0
p14,pdf,textbox,field_of_study,1,0,0
p14,pdf,textbox,school,1,0,0
p14,pdf,textbox,grad_date,1,0,0
p14,pdf,textbox,gpa,1,0,0
p14,pdf,textbox,skills,0,0,6
p14,pdf,textbox,experience,2,0,0
p14,docx,single,name,1,0,0
p14,docx,single,email,1,0,0
p14,docx,single,phone,1,0,0
p14,docx,single,degree_level,1,0,0
p14,docx,single,field_of_study,1,0,0
p14,docx,single,school,1,0,0
p14,docx,single,grad_date,1,0,0
p14,docx,single,gpa,1,0,0
p14,docx,single,skills,6,0,0
p14,docx,single,experience,2,0,0
p14,docx,two_column,name,1,0,0
p14,docx,two_column,email,1,0,0
p14,docx,two_column,phone,1,0,0
p14,docx,two_column,degree_level,1,0,0
p14,docx,two_column,field_of_study,1,0,0
p14,docx,two_column,school,1,0,0
p14,docx,two_column,grad_date,1,0,0
p14,docx,two_column,gpa,1,0,0
p14,docx,two_column,skills,6,0,0
p14,docx,two_column,experience,2,0,0
p14,docx,table,name,1,0,0
p14,docx,table,email,1,0,0
p14,docx,table,phone,1,0,0
p14,docx,table,degree_level,1,0,0
p14,docx,table,field_of_study,1,0,0
p14,docx,table,school,1,0,0
p14,docx,table,grad_date,1,0,0
p14,docx,table,gpa,1,0,0
p14,docx,table,skills,6,0,0
p14,docx,table,experience,2,0,0
p14,docx,textbox,name,1,0,0
p14,docx,textbox,email,0,0,1
p14,docx,textbox,phone,0,0,1
p14,docx,textbox,degree_level,1,0,0
p14,docx,textbox,field_of_study,1,0,0
p14,docx,textbox,school,1,0,0
p14,docx,textbox,grad_date,1,0,0
p14,docx,textbox,gpa,1,0,0
p14,docx,textbox,skills,0,0,6
p14,docx,textbox,experience,2,0,0
p15,pdf,single,name,1,0,0
p15,pdf,single,email,1,0,0
p15,pdf,single,phone,1,0,0
p15,pdf,single,degree_level,1,0,0
p15,pdf,single,field_of_study,1,0,0
p15,pdf,single,school,1,0,0
p15,pdf,single,grad_date,1,0,0
p15,pdf,single,gpa,1,0,0
p15,pdf,single,skills,6,0,0
p15,pdf,single,experience,2,0,0
p15,pdf,two_column,name,1,0,0
p15,pdf,two_column,email,1,0,0
p15,pdf,two_column,phone,1,0,0
p15,pdf,two_column,degree_level,1,0,0
p15,pdf,two_column,field_of_study,1,0,0
p15,pdf,two_column,school,1,0,0
p15,pdf,two_column,grad_date,1,0,0
p15,pdf,two_column,gpa,1,0,0
p15,pdf,two_column,skills,0,0,6
p15,pdf,two_column,experience,0,0,2
p15,pdf,table,name,1,0,0
p15,pdf,table,email,1,0,0
p15,pdf,table,phone,1,0,0
p15,pdf,table,degree_level,0,0,1
p15,pdf,table,field_of_study,0,0,1
p15,pdf,table,school,0,0,1
p15,pdf,table,grad_date,0,0,1
p15,pdf,table,gpa,1,0,0
p15,pdf,table,skills,0,0,6
p15,pdf,table,experience,0,0,2
p15,pdf,textbox,name,0,0,1
p15,pdf,textbox,email,1,0,0
p15,pdf,textbox,phone,1,0,0
p15,pdf,textbox,degree_level,1,0,0
p15,pdf,textbox,field_of_study,1,0,0
p15,pdf,textbox,school,1,0,0
p15,pdf,textbox,grad_date,1,0,0
p15,pdf,textbox,gpa,1,0,0
p15,pdf,textbox,skills,0,0,6
p15,pdf,textbox,experience,1,0,1
p15,docx,single,name,1,0,0
p15,docx,single,email,1,0,0
p15,docx,single,phone,1,0,0
p15,docx,single,degree_level,1,0,0
p15,docx,single,field_of_study,1,0,0
p15,docx,single,school,1,0,0
p15,docx,single,grad_date,1,0,0
p15,docx,single,gpa,1,0,0
p15,docx,single,skills,6,0,0
p15,docx,single,experience,2,0,0
p15,docx,two_column,name,1,0,0
p15,docx,two_column,email,1,0,0
p15,docx,two_column,phone,1,0,0
p15,docx,two_column,degree_level,1,0,0
p15,docx,two_column,field_of_study,1,0,0
p15,docx,two_column,school,1,0,0
p15,docx,two_column,grad_date,1,0,0
p15,docx,two_column,gpa,1,0,0
p15,docx,two_column,skills,6,0,0
p15,docx,two_column,experience,2,0,0
p15,docx,table,name,1,0,0
p15,docx,table,email,1,0,0
p15,docx,table,phone,1,0,0
p15,docx,table,degree_level,1,0,0
p15,docx,table,field_of_study,1,0,0
p15,docx,table,school,1,0,0
p15,docx,table,grad_date,1,0,0
p15,docx,table,gpa,1,0,0
p15,docx,table,skills,6,0,0
p15,docx,table,experience,2,0,0
p15,docx,textbox,name,1,0,0
p15,docx,textbox,email,0,0,1
p15,docx,textbox,phone,0,0,1
p15,docx,textbox,degree_level,1,0,0
p15,docx,textbox,field_of_study,1,0,0
p15,docx,textbox,school,1,0,0
p15,docx,textbox,grad_date,1,0,0
p15,docx,textbox,gpa,1,0,0
p15,docx,textbox,skills,0,0,6
p15,docx,textbox,experience,2,0,0
p16,pdf,single,name,1,0,0
p16,pdf,single,email,1,0,0
p16,pdf,single,phone,1,0,0
p16,pdf,single,degree_level,1,0,0
p16,pdf,single,field_of_study,1,0,0
p16,pdf,single,school,1,0,0
p16,pdf,single,grad_date,1,0,0
p16,pdf,single,gpa,1,0,0
p16,pdf,single,skills,7,0,0
p16,pdf,single,experience,2,0,0
p16,pdf,two_column,name,1,0,0
p16,pdf,two_column,email,1,0,0
p16,pdf,two_column,phone,1,0,0
p16,pdf,two_column,degree_level,1,0,0
p16,pdf,two_column,field_of_study,1,0,0
p16,pdf,two_column,school,1,0,0
p16,pdf,two_column,grad_date,1,0,0
p16,pdf,two_column,gpa,1,0,0
p16,pdf,two_column,skills,0,0,7
p16,pdf,two_column,experience,0,0,2
p16,pdf,table,name,1,0,0
p16,pdf,table,email,1,0,0
p16,pdf,table,phone,1,0,0
p16,pdf,table,degree_level,0,0,1
p16,pdf,table,field_of_study,0,0,1
p16,pdf,table,school,0,0,1
p16,pdf,table,grad_date,0,0,1
p16,pdf,table,gpa,1,0,0
p16,pdf,table,skills,0,0,7
p16,pdf,table,experience,0,0,2
p16,pdf,textbox,name,0,0,1
p16,pdf,textbox,email,1,0,0
p16,pdf,textbox,phone,1,0,0
p16,pdf,textbox,degree_level,1,0,0
p16,pdf,textbox,field_of_study,1,0,0
p16,pdf,textbox,school,1,0,0
p16,pdf,textbox,grad_date,1,0,0
p16,pdf,textbox,gpa,1,0,0
p16,pdf,textbox,skills,0,0,7
p16,pdf,textbox,experience,0,0,2
p16,docx,single,name,1,0,0
p16,docx,single,email,1,0,0
p16,docx,single,phone,1,0,0
p16,docx,single,degree_level,1,0,0
p16,docx,single,field_of_study,1,0,0
p16,docx,single,school,1,0,0
p16,docx,single,grad_date,1,0,0
p16,docx,single,gpa,1,0,0
p16,docx,single,skills,7,0,0
p16,docx,single,experience,2,0,0
p16,docx,two_column,name,1,0,0
p16,docx,two_column,email,1,0,0
p16,docx,two_column,phone,1,0,0
p16,docx,two_column,degree_level,1,0,0
p16,docx,two_column,field_of_study,1,0,0
p16,docx,two_column,school,1,0,0
p16,docx,two_column,grad_date,1,0,0
p16,docx,two_column,gpa,1,0,0
p16,docx,two_column,skills,7,0,0
p16,docx,two_column,experience,2,0,0
p16,docx,table,name,1,0,0
p16,docx,table,email,1,0,0
p16,docx,table,phone,1,0,0
p16,docx,table,degree_level,1,0,0
p16,docx,table,field_of_study,1,0,0
p16,docx,table,school,1,0,0
p16,docx,table,grad_date,1,0,0
p16,docx,table,gpa,1,0,0
p16,docx,table,skills,7,0,0
p16,docx,table,experience,2,0,0
p16,docx,textbox,name,1,0,0
p16,docx,textbox,email,0,0,1
p16,docx,textbox,phone,0,0,1
p16,docx,textbox,degree_level,1,0,0
p16,docx,textbox,field_of_study,1,0,0
p16,docx,textbox,school,1,0,0
p16,docx,textbox,grad_date,1,0,0
p16,docx,textbox,gpa,1,0,0
p16,docx,textbox,skills,0,0,7
p16,docx,textbox,experience,2,0,0
