attack,defense,scorer,candidates,entered_top_k,beats_best_genuine,median_score_vs_best,mean_rank_gain
hidden_jd,drop_invisible,embedding,33,0.0,0.0,0.10132439847794156,0.0
hidden_jd,drop_invisible,keyword,24,0.0,0.0,0.14814814814814814,0.0
hidden_jd,drop_invisible,tfidf,33,0.0,0.0,0.06694347878778086,0.0
hidden_jd,none,embedding,33,1.0,0.7878787878787878,1.1147738647818402,9.757575757575758
hidden_jd,none,keyword,24,1.0,1.0,1.2173913043478262,8.125
hidden_jd,none,tfidf,33,1.0,1.0,2.8204418117796712,10.0
hidden_keywords,drop_invisible,embedding,33,0.0,0.0,0.10132439847794156,0.0
hidden_keywords,drop_invisible,keyword,24,0.0,0.0,0.14814814814814814,0.0
hidden_keywords,drop_invisible,tfidf,33,0.0,0.0,0.06694347878778086,0.0
hidden_keywords,none,embedding,33,1.0,0.030303030303030304,0.8451391121754859,8.969696969696969
hidden_keywords,none,keyword,24,1.0,1.0,1.1304347826086958,8.125
hidden_keywords,none,tfidf,33,1.0,0.8787878787878788,1.314308648053636,9.878787878787879
visible_repeat,none,embedding,33,1.0,0.12121212121212122,0.8905935236301874,9.090909090909092
visible_repeat,none,keyword,24,1.0,1.0,1.1304347826086958,8.125
visible_repeat,none,tfidf,33,1.0,0.8787878787878788,1.314308648053636,9.878787878787879
