job,posting_term,alternative,persona,direction,scorer,score_posting_wording,score_alternative,delta,rel_delta,rank_posting_wording,rank_alternative,rank_change
mechanical_design,CAD,Onshape,p12,posting->alt,keyword,0.8214285714285714,0.6785714285714286,-0.1428571428571428,-0.1739130434782608,1,1,0
mechanical_design,CAD,Onshape,p12,posting->alt,tfidf,0.27416801228245197,0.2599332145950515,-0.014234797687400491,-0.051919979901723874,1,1,0
mechanical_design,CAD,Onshape,p12,posting->alt,embedding,0.5644208606328006,0.5611464195879021,-0.0032744410448984906,-0.005801417476362142,1,1,0
mechanical_design,CAD,Onshape,p12,posting->alt,keyword+taxonomy,0.8214285714285714,0.8214285714285714,0.0,0.0,1,1,0
mechanical_design,CAD,Onshape,p13,alt->posting,keyword,0.42857142857142855,0.2857142857142857,-0.14285714285714285,-0.3333333333333333,2,3,1
mechanical_design,CAD,Onshape,p13,alt->posting,tfidf,0.12608328344795305,0.1085101925707079,-0.01757309087724515,-0.1393768499414063,2,2,0
mechanical_design,CAD,Onshape,p13,alt->posting,embedding,0.2854939590619432,0.25090995046630316,-0.03458400859564004,-0.1211374444113418,2,3,1
mechanical_design,CAD,Onshape,p13,alt->posting,keyword+taxonomy,0.5714285714285714,0.5714285714285714,0.0,0.0,2,2,0
mechanical_design,CAD,Onshape,p14,posting->alt,keyword,0.35714285714285715,0.21428571428571427,-0.14285714285714288,-0.4,2,3,1
mechanical_design,CAD,Onshape,p14,posting->alt,tfidf,0.09574235223687497,0.08092403026944298,-0.014818321967431991,-0.15477290479316994,3,3,0
mechanical_design,CAD,Onshape,p14,posting->alt,embedding,0.28077465156323816,0.2648376968144902,-0.015936954748747956,-0.056760660764843,2,2,0
mechanical_design,CAD,Onshape,p14,posting->alt,keyword+taxonomy,0.35714285714285715,0.35714285714285715,0.0,0.0,3,3,0
mechanical_design,FEA,finite element analysis,p12,posting->alt,keyword,0.8214285714285714,0.6785714285714286,-0.1428571428571428,-0.1739130434782608,1,1,0
mechanical_design,FEA,finite element analysis,p12,posting->alt,tfidf,0.27416801228245197,0.24511281998163575,-0.029055192300816213,-0.10597586515994842,1,1,0
mechanical_design,FEA,finite element analysis,p12,posting->alt,embedding,0.5644208606328006,0.5328282737762609,-0.03159258685653976,-0.055973457148836996,1,1,0
mechanical_design,FEA,finite element analysis,p12,posting->alt,keyword+taxonomy,0.8214285714285714,0.8214285714285714,0.0,0.0,1,1,0
mechanical_design,FEA,finite element analysis,p13,alt->posting,keyword,0.42857142857142855,0.2857142857142857,-0.14285714285714285,-0.3333333333333333,2,3,1
mechanical_design,FEA,finite element analysis,p13,alt->posting,tfidf,0.12333199153037824,0.1085101925707079,-0.01482179895967034,-0.12017805579681685,2,2,0
mechanical_design,FEA,finite element analysis,p13,alt->posting,embedding,0.2925398989739823,0.25090995046630316,-0.04162994850767915,-0.14230519889316567,2,3,1
mechanical_design,FEA,finite element analysis,p13,alt->posting,keyword+taxonomy,0.5714285714285714,0.5714285714285714,0.0,0.0,2,2,0
mechanical_design,3D printing,additive manufacturing,p12,posting->alt,keyword,0.8214285714285714,0.75,-0.0714285714285714,-0.0869565217391304,1,1,0
mechanical_design,3D printing,additive manufacturing,p12,posting->alt,tfidf,0.27416801228245197,0.2299116113216376,-0.044256400960814374,-0.16142073100497506,1,1,0
mechanical_design,3D printing,additive manufacturing,p12,posting->alt,embedding,0.5644208606328006,0.5214461947908718,-0.04297466584192877,-0.07613940029386532,1,1,0
mechanical_design,3D printing,additive manufacturing,p12,posting->alt,keyword+taxonomy,0.8214285714285714,0.8214285714285714,0.0,0.0,1,1,0
mechanical_design,3D printing,additive manufacturing,p13,posting->alt,keyword,0.2857142857142857,0.21428571428571427,-0.07142857142857142,-0.25,3,3,0
mechanical_design,3D printing,additive manufacturing,p13,posting->alt,tfidf,0.1085101925707079,0.06321203687467573,-0.04529815569603217,-0.41745530648205953,2,3,1
mechanical_design,3D printing,additive manufacturing,p13,posting->alt,embedding,0.25090995046630316,0.1963817011783267,-0.05452824928797645,-0.21732198817399836,3,3,0
mechanical_design,3D printing,additive manufacturing,p13,posting->alt,keyword+taxonomy,0.5714285714285714,0.5714285714285714,0.0,0.0,2,2,0
mechanical_design,3D printing,additive manufacturing,p14,posting->alt,keyword,0.35714285714285715,0.2857142857142857,-0.07142857142857145,-0.20000000000000007,2,2,0
mechanical_design,3D printing,additive manufacturing,p14,posting->alt,tfidf,0.09574235223687497,0.05270610981853693,-0.04303624241833804,-0.44950057537611576,3,3,0
mechanical_design,3D printing,additive manufacturing,p14,posting->alt,embedding,0.28077465156323816,0.21932528560502587,-0.06144936595821229,-0.21885653001824565,2,3,1
mechanical_design,3D printing,additive manufacturing,p14,posting->alt,keyword+taxonomy,0.35714285714285715,0.35714285714285715,0.0,0.0,3,3,0
ml_intern,machine learning,ML,p01,posting->alt,keyword,0.8571428571428571,0.8571428571428571,0.0,0.0,1,1,0
ml_intern,machine learning,ML,p01,posting->alt,tfidf,0.16494784930928771,0.1451854139780861,-0.019762435331201617,-0.11981020312757029,1,1,0
ml_intern,machine learning,ML,p01,posting->alt,embedding,0.43481260153206314,0.41403707011896423,-0.020775531413098902,-0.04778042618796298,1,1,0
ml_intern,machine learning,ML,p01,posting->alt,keyword+taxonomy,0.8571428571428571,0.8571428571428571,0.0,0.0,1,1,0
ml_intern,machine learning,ML,p02,alt->posting,keyword,0.7142857142857143,0.5714285714285714,-0.1428571428571429,-0.20000000000000007,2,3,1
ml_intern,machine learning,ML,p02,alt->posting,tfidf,0.13154157038158013,0.07689943894112987,-0.054642131440450256,-0.41539819907837927,2,4,2
ml_intern,machine learning,ML,p02,alt->posting,embedding,0.2740763142855682,0.19623884333096098,-0.07783747095460725,-0.28399926187531144,3,5,2
ml_intern,machine learning,ML,p02,alt->posting,keyword+taxonomy,0.7142857142857143,0.7142857142857143,0.0,0.0,2,2,0
ml_intern,machine learning,ML,p03,posting->alt,keyword,0.6428571428571429,0.5,-0.1428571428571429,-0.2222222222222223,2,3,1
ml_intern,machine learning,ML,p03,posting->alt,tfidf,0.10135314501138486,0.07915744577738935,-0.022195699233995503,-0.21899369014649017,3,3,0
ml_intern,machine learning,ML,p03,posting->alt,embedding,0.262135089852577,0.24325823630307525,-0.01887685354950175,-0.07201192926943877,3,3,0
ml_intern,machine learning,ML,p03,posting->alt,keyword+taxonomy,0.6428571428571429,0.6428571428571429,0.0,0.0,3,3,0
ml_intern,machine learning,ML,p05,posting->alt,keyword,0.5,0.35714285714285715,-0.14285714285714285,-0.2857142857142857,4,5,1
ml_intern,machine learning,ML,p05,posting->alt,tfidf,0.12431937113436498,0.06722124657732968,-0.05709812455703529,-0.4592858219603071,2,4,2
ml_intern,machine learning,ML,p05,posting->alt,embedding,0.3497257805095606,0.2731822117703982,-0.0765435687391624,-0.2188673898379359,2,2,0
ml_intern,machine learning,ML,p05,posting->alt,keyword+taxonomy,0.5,0.5,0.0,0.0,4,4,0
ml_intern,natural language processing,NLP,p01,posting->alt,keyword,0.8571428571428571,0.7857142857142857,-0.0714285714285714,-0.0833333333333333,1,1,0
ml_intern,natural language processing,NLP,p01,posting->alt,tfidf,0.16494784930928771,0.13412005251792086,-0.03082779679136685,-0.18689420274624358,1,1,0
ml_intern,natural language processing,NLP,p01,posting->alt,embedding,0.43481260153206314,0.42536759764634885,-0.009445003885714287,-0.021722010476317374,1,1,0
ml_intern,natural language processing,NLP,p01,posting->alt,keyword+taxonomy,0.8571428571428571,0.8571428571428571,0.0,0.0,1,1,0
process_engineer,GMP,good manufacturing practice,p07,posting->alt,keyword,0.675,0.575,-0.10000000000000009,-0.14814814814814828,1,1,0
process_engineer,GMP,good manufacturing practice,p07,posting->alt,tfidf,0.24882213598271918,0.2511492380848017,0.0023271021020825344,0.00935247217009725,1,1,0
process_engineer,GMP,good manufacturing practice,p07,posting->alt,embedding,0.5724078965392189,0.5959821210835151,0.02357422454429625,0.04118431050100136,1,1,0
process_engineer,GMP,good manufacturing practice,p07,posting->alt,keyword+taxonomy,0.675,0.675,0.0,0.0,1,1,0
process_engineer,GMP,good manufacturing practice,p08,alt->posting,keyword,0.4,0.3,-0.10000000000000003,-0.25000000000000006,2,4,2
process_engineer,GMP,good manufacturing practice,p08,alt->posting,tfidf,0.12329561520920189,0.12723790353880657,0.003942288329604679,0.031974278427627775,3,3,0
process_engineer,GMP,good manufacturing practice,p08,alt->posting,embedding,0.2991127275291241,0.3077912978859429,0.008678570356818793,0.029014380058346983,3,3,0
process_engineer,GMP,good manufacturing practice,p08,alt->posting,keyword+taxonomy,0.45,0.45,0.0,0.0,2,2,0
process_engineer,GMP,good manufacturing practice,p09,posting->alt,keyword,0.35,0.25,-0.09999999999999998,-0.28571428571428564,3,4,1
process_engineer,GMP,good manufacturing practice,p09,posting->alt,tfidf,0.13126947637931194,0.13808779174166652,0.006818315362354582,0.05194136177288164,2,2,0
process_engineer,GMP,good manufacturing practice,p09,posting->alt,embedding,0.28077071042630586,0.3022292349468625,0.021458524520556632,0.07642721880774267,4,4,0
process_engineer,GMP,good manufacturing practice,p09,posting->alt,keyword+taxonomy,0.35,0.35,0.0,0.0,4,4,0
process_engineer,GMP,good manufacturing practice,p11,posting->alt,keyword,0.375,0.275,-0.09999999999999998,-0.2666666666666666,2,4,2
process_engineer,GMP,good manufacturing practice,p11,posting->alt,tfidf,0.11970498143820033,0.1263246833602379,0.006619701922037563,0.055300137408693335,4,4,0
process_engineer,GMP,good manufacturing practice,p11,posting->alt,embedding,0.31672813866117683,0.33439848249756143,0.017670343836384605,0.055790255678191056,2,2,0
process_engineer,GMP,good manufacturing practice,p11,posting->alt,keyword+taxonomy,0.425,0.425,0.0,0.0,3,3,0
process_engineer,SOPs,standard operating procedures,p07,posting->alt,keyword,0.675,0.625,-0.050000000000000044,-0.07407407407407414,1,1,0
process_engineer,SOPs,standard operating procedures,p07,posting->alt,tfidf,0.24882213598271918,0.24342946769739965,-0.005392668285319535,-0.02167278350867488,1,1,0
process_engineer,SOPs,standard operating procedures,p07,posting->alt,embedding,0.5724078965392189,0.5752940943375373,0.002886197798318446,0.0050422047210886035,1,1,0
process_engineer,SOPs,standard operating procedures,p07,posting->alt,keyword+taxonomy,0.675,0.675,0.0,0.0,1,1,0
process_engineer,SOPs,standard operating procedures,p08,alt->posting,keyword,0.35,0.3,-0.04999999999999999,-0.14285714285714282,3,4,1
process_engineer,SOPs,standard operating procedures,p08,alt->posting,tfidf,0.14162106309060515,0.12723790353880657,-0.014383159551798586,-0.10156087828966971,2,3,1
process_engineer,SOPs,standard operating procedures,p08,alt->posting,embedding,0.31463433490039416,0.3077912978859429,-0.00684303701445127,-0.021749174376082047,3,3,0
process_engineer,SOPs,standard operating procedures,p08,alt->posting,keyword+taxonomy,0.45,0.45,0.0,0.0,2,2,0
process_engineer,CAPA,corrective and preventive action,p07,posting->alt,keyword,0.675,0.625,-0.050000000000000044,-0.07407407407407414,1,1,0
process_engineer,CAPA,corrective and preventive action,p07,posting->alt,tfidf,0.24882213598271918,0.2447882850287058,-0.004033850954013374,-0.016211784928546417,1,1,0
process_engineer,CAPA,corrective and preventive action,p07,posting->alt,embedding,0.5724078965392189,0.5706125093499651,-0.001795387189253761,-0.0031365520987894843,1,1,0
process_engineer,CAPA,corrective and preventive action,p07,posting->alt,keyword+taxonomy,0.675,0.675,0.0,0.0,1,1,0
process_engineer,root cause analysis,RCA,p08,posting->alt,keyword,0.3,0.25,-0.04999999999999999,-0.16666666666666663,4,4,0
process_engineer,root cause analysis,RCA,p08,posting->alt,tfidf,0.12723790353880657,0.09034091444263895,-0.03689698909616762,-0.2899842583850364,3,4,1
process_engineer,root cause analysis,RCA,p08,posting->alt,embedding,0.3077912978859429,0.2658025509960268,-0.041988746889916106,-0.13641953875341767,3,4,1
process_engineer,root cause analysis,RCA,p08,posting->alt,keyword+taxonomy,0.45,0.45,0.0,0.0,2,2,0
