seed,group,model,f1,line_acc
0,hand-written,rules,0.6679863235558754,
0,hand-written,oracle,0.7483632701024006,
0,generated,rules,0.5150779896013864,
0,generated,oracle,0.8038154163444187,
0,designer,rules,0.518850987432675,
0,designer,oracle,0.69272030651341,
0,reference,rules,0.8206034889203206,
0,reference,oracle,0.8548855582665272,
0,hand-written,text,0.7425310506881505,0.922991319830848
0,generated,text,0.8,0.9717868338557993
0,designer,text,0.6795069337442218,0.932475884244373
0,reference,text,0.8419216005583343,0.9124365482233503
0,hand-written,geometry,0.7382707774798928,0.9394613843756955
0,generated,geometry,0.7960764068146619,0.967398119122257
0,designer,geometry,0.689655172413793,0.9364951768488746
0,reference,geometry,0.8472334995940147,0.9197335025380711
0,hand-written,headings,0.7276740237691002,0.9116403294012909
0,generated,headings,0.7920020773824981,0.9545454545454546
0,designer,headings,0.6583268178264269,0.8930868167202572
0,reference,headings,0.834851670170521,0.8995875634517766
1,hand-written,rules,0.6735112936344969,
1,hand-written,oracle,0.760997300301731,
1,generated,rules,0.4948038887026484,
1,generated,oracle,0.8127587046505965,
1,designer,rules,0.4947183098591549,
1,designer,oracle,0.6782215523737755,
1,reference,rules,0.8281879194630872,
1,reference,oracle,0.8637464230684571,
1,hand-written,text,0.7586753287909999,0.9392605633802817
1,generated,text,0.8121182506718788,0.977061376317421
1,designer,text,0.6762048192771085,0.924901185770751
1,reference,text,0.8457318411235462,0.9245699857976961
1,hand-written,geometry,0.7443272611057846,0.9434419014084507
1,generated,geometry,0.8083231334149327,0.9693118412895226
1,designer,geometry,0.676737160120846,0.9256916996047431
1,reference,geometry,0.8454565553835949,0.9329335647782863
1,hand-written,headings,0.7356842445810418,0.9172535211267606
1,generated,headings,0.8030526834071887,0.9618722876627402
1,designer,headings,0.6358024691358025,0.8853754940711462
1,reference,headings,0.8427339084273391,0.9196780811109357
2,hand-written,rules,0.6695187165775401,
2,hand-written,oracle,0.7550546900894929,
2,generated,rules,0.5149741824440619,
2,generated,oracle,0.8070264765784113,
2,designer,rules,0.5103324348607368,
2,designer,oracle,0.6872586872586872,
2,reference,rules,0.8194655152293151,
2,reference,oracle,0.8560266574744341,
2,hand-written,text,0.7501656726308814,0.9160116775207725
2,generated,text,0.8021390374331552,0.9703254626675175
2,designer,text,0.6852281515854602,0.9102141680395387
2,reference,text,0.8418396605115265,0.9107371794871795
2,hand-written,geometry,0.7421992324378442,0.9209521670783741
2,generated,geometry,0.8014220416455052,0.9601148691767709
2,designer,geometry,0.6713615023474179,0.8896210873146623
2,reference,geometry,0.8370702541106128,0.908974358974359
2,hand-written,headings,0.7355704697986576,0.9027621827981136
2,generated,headings,0.793667007150153,0.9489470325462668
2,designer,headings,0.6551181102362206,0.8764415156507414
2,reference,headings,0.8347364779148888,0.8996794871794872
